	neg	pos
infantri	3.0	7.0
cancel	3.0	7.0
ripe	3.0	7.0
narrowli	3.0	7.0
1950s	3.0	7.0
releg	3.0	7.0
upbeat	3.0	7.0
tap	3.0	7.0
cam	3.0	7.0
chum	3.0	7.0
riotous	3.0	7.0
liev	3.0	7.0
d'onofrio	3.0	7.0
ceremoni	3.0	7.0
detroit	3.0	7.0
brew	3.0	7.0
nigel	3.0	7.0
privileg	3.0	7.0
afflict	3.0	7.0
idealist	3.0	7.0
steadi	3.0	7.0
exud	3.0	7.0
elus	3.0	7.0
garth	3.0	7.0
facad	3.0	7.0
amnesia	3.0	7.0
1960	3.0	7.0
bum	3.0	7.0
hedaya	3.0	7.0
estat	3.0	7.0
maxim	3.0	7.0
orgi	3.0	7.0
letdown	3.0	7.0
noodl	3.0	7.0
strawberri	3.0	7.0
polici	3.0	8.0
dead-on	3.0	8.0
cronenberg	3.0	8.0
superbl	3.0	8.0
smuggl	3.0	8.0
passag	3.0	8.0
orient	3.0	8.0
branch	3.0	8.0
cocki	3.0	8.0
intim	3.0	8.0
intimid	3.0	8.0
brush	3.0	8.0
hung	3.0	8.0
gregori	3.0	8.0
falter	3.0	8.0
anchor	3.0	8.0
overboard	3.0	8.0
urin	3.0	8.0
conceal	3.0	8.0
wholli	3.0	8.0
splash	3.0	8.0
gilliam	3.0	8.0
minist	3.0	8.0
delet	3.0	8.0
rice	3.0	8.0
intact	3.0	8.0
sundanc	3.0	8.0
intertwin	3.0	8.0
duck	3.0	8.0
file	3.0	8.0
tabloid	3.0	8.0
likewis	3.0	8.0
breakfast	3.0	8.0
attain	3.0	8.0
harvard	3.0	8.0
clariti	3.0	8.0
cuban	3.0	8.0
brendan	3.0	8.0
simplic	3.0	8.0
bronx	3.0	8.0
stole	3.0	8.0
casey	3.0	8.0
squeal	3.0	8.0
dorn	3.0	8.0
heterosexu	3.0	8.0
ghetto	3.0	9.0
accuraci	3.0	9.0
agenda	3.0	9.0
montana	3.0	9.0
foremost	3.0	9.0
foundat	3.0	9.0
ingeni	3.0	9.0
countrysid	3.0	9.0
archetyp	3.0	9.0
audio	3.0	9.0
three-dimension	3.0	9.0
delic	3.0	9.0
ruler	3.0	9.0
jealousi	3.0	9.0
palpabl	3.0	9.0
feroci	3.0	9.0
maguir	3.0	9.0
dame	3.0	9.0
divin	3.0	9.0
pullman	3.0	9.0
persist	3.0	9.0
deuc	3.0	9.0
presidenti	3.0	9.0
tyson	3.0	9.0
unravel	3.0	10.0
moodi	3.0	10.0
outlandish	3.0	10.0
mytholog	3.0	10.0
trekki	3.0	10.0
textur	3.0	10.0
porno	3.0	10.0
downfal	3.0	10.0
exhaust	3.0	10.0
itali	3.0	10.0
sumptuous	3.0	10.0
templ	3.0	10.0
bradi	3.0	10.0
vitti	3.0	10.0
enchant	3.0	11.0
debt	3.0	11.0
quiz	3.0	11.0
conserv	3.0	11.0
clint	3.0	11.0
nuanc	3.0	11.0
dismay	3.0	11.0
poetic	3.0	11.0
vibrant	3.0	11.0
rickman	3.0	11.0
archer	3.0	11.0
bold	3.0	11.0
underneath	3.0	12.0
ensur	3.0	12.0
windsor	3.0	12.0
lesser	3.0	12.0
scandal	3.0	12.0
bedroom	3.0	12.0
yield	3.0	12.0
concoct	3.0	12.0
panic	3.0	12.0
daylight	3.0	12.0
galor	3.0	12.0
preacher	3.0	12.0
jewison	3.0	12.0
andrea	3.0	12.0
ryder	3.0	13.0
prayer	3.0	13.0
hypnot	3.0	13.0
beatric	3.0	13.0
furious	3.0	13.0
iceberg	3.0	13.0
newli	3.0	13.0
forewarn	3.0	13.0
swinger	3.0	13.0
relish	3.0	14.0
saga	3.0	14.0
brillianc	3.0	14.0
entranc	3.0	14.0
dusk	3.0	14.0
naiv	3.0	14.0
shaft	3.0	14.0
radic	3.0	14.0
immers	3.0	15.0
lester	3.0	15.0
tomorrow	3.0	15.0
traci	3.0	15.0
catchi	3.0	15.0
amongst	3.0	15.0
nelson	3.0	15.0
wilder	3.0	16.0
attorney	3.0	16.0
colour	3.0	16.0
effortless	3.0	17.0
embodi	3.0	17.0
top-notch	3.0	17.0
tad	3.0	17.0
mib	3.0	17.0
pete	3.0	17.0
engross	3.0	18.0
zane	3.0	18.0
stark	3.0	18.0
col	3.0	18.0
upper	3.0	19.0
taxi	3.0	19.0
ralph	3.0	19.0
mitchel	3.0	20.0
shall	3.0	20.0
hereaft	3.0	22.0
revolut	3.0	24.0
mamet	3.0	24.0
uplift	3.0	24.0
tucker	3.0	26.0
courag	3.0	26.0
rico	3.0	28.0
kung	3.0	29.0
religion	3.0	36.0
jedi	3.0	45.0
coen	3.0	47.0
brainless	4.0	6.0
prodigi	4.0	6.0
anguish	4.0	6.0
mice	4.0	6.0
keith	4.0	6.0
einstein	4.0	6.0
embark	4.0	6.0
shaki	4.0	6.0
superhuman	4.0	6.0
soak	4.0	6.0
hurri	4.0	6.0
primal	4.0	6.0
juici	4.0	6.0
whiz	4.0	6.0
pro	4.0	6.0
uneasi	4.0	6.0
eerili	4.0	6.0
1995	4.0	6.0
shotgun	4.0	6.0
soil	4.0	6.0
lament	4.0	6.0
splendid	4.0	6.0
enigmat	4.0	6.0
cann	4.0	6.0
scatter	4.0	6.0
bee	4.0	6.0
ernest	4.0	6.0
streak	4.0	6.0
pink	4.0	6.0
injustic	4.0	6.0
marilyn	4.0	6.0
glorifi	4.0	6.0
hormon	4.0	6.0
troup	4.0	6.0
proxi	4.0	6.0
novemb	4.0	6.0
best-sel	4.0	6.0
courteney	4.0	6.0
trophi	4.0	6.0
intercut	4.0	6.0
loom	4.0	6.0
ici	4.0	6.0
curtain	4.0	6.0
carlyl	4.0	6.0
lair	4.0	6.0
perki	4.0	6.0
june	4.0	6.0
camelot	4.0	6.0
jam	4.0	6.0
indiffer	4.0	6.0
connelli	4.0	6.0
proya	4.0	6.0
foray	4.0	6.0
unstabl	4.0	6.0
weller	4.0	6.0
vicki	4.0	7.0
disord	4.0	7.0
crouch	4.0	7.0
bid	4.0	7.0
modest	4.0	7.0
forlani	4.0	7.0
needl	4.0	7.0
maiden	4.0	7.0
jolt	4.0	7.0
self-destruct	4.0	7.0
light-heart	4.0	7.0
laserdisc	4.0	7.0
claus	4.0	7.0
pretens	4.0	7.0
award-win	4.0	7.0
claustrophob	4.0	7.0
discern	4.0	7.0
well-mad	4.0	7.0
peasant	4.0	7.0
grotesqu	4.0	7.0
evelyn	4.0	7.0
verg	4.0	7.0
empath	4.0	7.0
sparkl	4.0	7.0
cement	4.0	7.0
distort	4.0	7.0
montreal	4.0	7.0
disarm	4.0	7.0
boost	4.0	7.0
facil	4.0	7.0
reilli	4.0	7.0
darkest	4.0	7.0
boundari	4.0	7.0
distribut	4.0	7.0
whilst	4.0	7.0
stubborn	4.0	7.0
lefti	4.0	7.0
gillian	4.0	7.0
mitch	4.0	8.0
estrang	4.0	8.0
gentleman	4.0	8.0
polar	4.0	8.0
outdoor	4.0	8.0
w	4.0	8.0
applaud	4.0	8.0
bonus	4.0	8.0
off-kilt	4.0	8.0
brash	4.0	8.0
spain	4.0	8.0
wive	4.0	8.0
sara	4.0	8.0
foul-mouth	4.0	8.0
carolina	4.0	8.0
footstep	4.0	8.0
bancroft	4.0	8.0
she'll	4.0	8.0
good-look	4.0	8.0
nicknam	4.0	8.0
ba'ku	4.0	8.0
wade	4.0	8.0
earl	4.0	8.0
monk	4.0	8.0
litter	4.0	8.0
haley	4.0	8.0
se7en	4.0	8.0
patricia	4.0	9.0
framework	4.0	9.0
math	4.0	9.0
hop	4.0	9.0
cate	4.0	9.0
obtain	4.0	9.0
riski	4.0	9.0
unemploy	4.0	9.0
glover	4.0	9.0
crippl	4.0	9.0
shalhoub	4.0	9.0
gaze	4.0	9.0
agenc	4.0	9.0
stagger	4.0	9.0
induc	4.0	9.0
wealth	4.0	9.0
first-rat	4.0	9.0
worn	4.0	9.0
immigr	4.0	9.0
persuad	4.0	9.0
non-stop	4.0	9.0
dustin	4.0	9.0
bail	4.0	9.0
grin	4.0	9.0
prophet	4.0	9.0
phenomena	4.0	9.0
legitim	4.0	9.0
reynold	4.0	9.0
descend	4.0	9.0
closet	4.0	9.0
surpass	4.0	10.0
janitor	4.0	10.0
willard	4.0	10.0
wherea	4.0	10.0
ordeal	4.0	10.0
globe	4.0	10.0
youngster	4.0	10.0
restraint	4.0	10.0
well-written	4.0	10.0
timeless	4.0	10.0
petti	4.0	10.0
impuls	4.0	10.0
abound	4.0	10.0
warmth	4.0	10.0
fabl	4.0	10.0
19th	4.0	10.0
nightclub	4.0	10.0
bowler	4.0	10.0
co	4.0	10.0
grown-up	4.0	10.0
scottish	4.0	10.0
modern-day	4.0	10.0
rural	4.0	10.0
loneli	4.0	10.0
leadership	4.0	10.0
impecc	4.0	10.0
rous	4.0	10.0
cruelti	4.0	10.0
distributor	4.0	10.0
sensual	4.0	10.0
zwick	4.0	10.0
meteor	4.0	11.0
underst	4.0	11.0
ration	4.0	11.0
europ	4.0	11.0
co-writ	4.0	11.0
newest	4.0	11.0
weari	4.0	11.0
ogr	4.0	11.0
blanchett	4.0	11.0
item	4.0	11.0
glow	4.0	11.0
misstep	4.0	11.0
sim	4.0	11.0
phenomen	4.0	11.0
weav	4.0	11.0
glorious	4.0	11.0
rocket	4.0	11.0
tool	4.0	11.0
delv	4.0	11.0
ramsey	4.0	11.0
dracula	4.0	11.0
mediev	4.0	11.0
fought	4.0	11.0
nina	4.0	12.0
loyalti	4.0	12.0
dysfunct	4.0	12.0
liberti	4.0	12.0
kingdom	4.0	12.0
keitel	4.0	12.0
suprem	4.0	12.0
glamor	4.0	12.0
doubtfir	4.0	12.0
bibl	4.0	13.0
heartfelt	4.0	13.0
alongsid	4.0	13.0
lovabl	4.0	13.0
loui	4.0	13.0
janet	4.0	13.0
old-fashion	4.0	13.0
carmen	4.0	14.0
politician	4.0	14.0
horn	4.0	14.0
juliet	4.0	14.0
landscap	4.0	14.0
smaller	4.0	14.0
aaron	4.0	14.0
dismiss	4.0	14.0
neurot	4.0	14.0
raimi	4.0	14.0
genet	4.0	14.0
lolita	4.0	14.0
boxer	4.0	15.0
qualifi	4.0	15.0
sensat	4.0	15.0
incorpor	4.0	15.0
domest	4.0	15.0
detract	4.0	15.0
therapi	4.0	16.0
reunion	4.0	16.0
sleepi	4.0	16.0
fuller	4.0	17.0
chapter	4.0	17.0
vivid	4.0	17.0
gothic	4.0	17.0
malick	4.0	17.0
slim	4.0	17.0
skywalk	4.0	18.0
mill	4.0	18.0
mummi	4.0	18.0
the	4.0	19.0
denzel	4.0	19.0
les	4.0	19.0
kathi	4.0	20.0
treasur	4.0	20.0
invas	4.0	20.0
chronicl	4.0	20.0
chao	4.0	21.0
juliann	4.0	21.0
mesmer	4.0	22.0
antz	4.0	22.0
roman	4.0	22.0
anakin	4.0	23.0
von	4.0	23.0
jew	4.0	24.0
fairi	4.0	24.0
magnific	4.0	26.0
poker	4.0	28.0
castl	4.0	29.0
fu	4.0	29.0
jesus	4.0	30.0
rees	4.0	31.0
derek	4.0	40.0
outstand	4.0	49.0
damon	4.0	55.0
raid	5.0	5.0
uncanni	5.0	5.0
summon	5.0	5.0
counter	5.0	5.0
servant	5.0	5.0
plug	5.0	5.0
squabbl	5.0	5.0
whini	5.0	5.0
roof	5.0	5.0
full-length	5.0	5.0
revolt	5.0	5.0
passiv	5.0	5.0
rig	5.0	5.0
bujold	5.0	5.0
organis	5.0	5.0
halt	5.0	5.0
titular	5.0	5.0
lit	5.0	5.0
myth	5.0	5.0
rufus	5.0	5.0
colin	5.0	5.0
empathi	5.0	5.0
opus	5.0	5.0
wipe	5.0	5.0
standpoint	5.0	5.0
confidenti	5.0	5.0
butterfli	5.0	5.0
crop	5.0	5.0
wallet	5.0	5.0
herring	5.0	5.0
burden	5.0	5.0
funki	5.0	5.0
remaind	5.0	5.0
skarsg	5.0	5.0
profil	5.0	5.0
filter	5.0	5.0
epiphani	5.0	5.0
self-awar	5.0	5.0
wretch	5.0	5.0
deprav	5.0	5.0
cameraman	5.0	5.0
orang	5.0	5.0
inclus	5.0	5.0
russ	5.0	5.0
parrot	5.0	6.0
arous	5.0	6.0
rear	5.0	6.0
reverend	5.0	6.0
off-screen	5.0	6.0
fortress	5.0	6.0
peril	5.0	6.0
robe	5.0	6.0
teri	5.0	6.0
labyrinth	5.0	6.0
nyc	5.0	6.0
jab	5.0	6.0
superman	5.0	6.0
throne	5.0	6.0
scientif	5.0	6.0
unconvent	5.0	6.0
comprehend	5.0	6.0
adher	5.0	6.0
navig	5.0	6.0
unsur	5.0	6.0
tasteless	5.0	6.0
erupt	5.0	6.0
analysi	5.0	6.0
lotteri	5.0	6.0
vault	5.0	6.0
cheek	5.0	6.0
nyah	5.0	6.0
ireland	5.0	6.0
palminteri	5.0	6.0
plung	5.0	6.0
banana	5.0	6.0
schtick	5.0	6.0
hbo	5.0	6.0
lifelong	5.0	6.0
casablanca	5.0	6.0
disjoint	5.0	6.0
wanna	5.0	6.0
cohes	5.0	6.0
heinlein	5.0	6.0
divis	5.0	7.0
suav	5.0	7.0
conductor	5.0	7.0
thandi	5.0	7.0
thankless	5.0	7.0
entireti	5.0	7.0
unreal	5.0	7.0
it+	5.0	7.0
sandi	5.0	7.0
st	5.0	7.0
summar	5.0	7.0
bout	5.0	7.0
dimension	5.0	7.0
copyright	5.0	7.0
high-profil	5.0	7.0
schreiber	5.0	7.0
mean-spirit	5.0	7.0
incap	5.0	7.0
pompous	5.0	7.0
atroc	5.0	7.0
adept	5.0	7.0
exot	5.0	7.0
lace	5.0	7.0
instruct	5.0	7.0
interlud	5.0	7.0
athlet	5.0	7.0
transpir	5.0	7.0
phase	5.0	7.0
subconsci	5.0	7.0
auteur	5.0	7.0
ambros	5.0	7.0
lindo	5.0	7.0
spoke	5.0	7.0
catastroph	5.0	7.0
reservoir	5.0	7.0
walt	5.0	7.0
limbo	5.0	7.0
viewpoint	5.0	7.0
rowland	5.0	7.0
r-rat	5.0	8.0
entiti	5.0	8.0
repuls	5.0	8.0
succumb	5.0	8.0
pervers	5.0	8.0
lurk	5.0	8.0
rental	5.0	8.0
edgi	5.0	8.0
wiseguy	5.0	8.0
hilar	5.0	8.0
rudolph	5.0	8.0
devis	5.0	8.0
principl	5.0	8.0
shade	5.0	8.0
greedi	5.0	8.0
championship	5.0	8.0
titil	5.0	8.0
amor	5.0	8.0
overshadow	5.0	8.0
dispatch	5.0	8.0
plead	5.0	8.0
union	5.0	8.0
maximum	5.0	8.0
forbidden	5.0	8.0
seal	5.0	8.0
deliver	5.0	8.0
gigant	5.0	9.0
fabul	5.0	9.0
european	5.0	9.0
conjur	5.0	9.0
all-tim	5.0	9.0
fisher	5.0	9.0
stabl	5.0	9.0
hippi	5.0	9.0
hurley	5.0	9.0
scholar	5.0	9.0
revisit	5.0	9.0
well-known	5.0	9.0
riot	5.0	9.0
paranoid	5.0	9.0
electron	5.0	9.0
merciless	5.0	9.0
denver	5.0	9.0
groceri	5.0	9.0
camerawork	5.0	9.0
ongo	5.0	9.0
lure	5.0	9.0
coburn	5.0	9.0
favourit	5.0	9.0
departur	5.0	9.0
econom	5.0	9.0
chip	5.0	9.0
recogniz	5.0	10.0
staff	5.0	10.0
mundan	5.0	10.0
purchas	5.0	10.0
elvi	5.0	10.0
1998	5.0	10.0
hometown	5.0	10.0
mayhem	5.0	10.0
marlon	5.0	10.0
therebi	5.0	10.0
cheerlead	5.0	10.0
mall	5.0	10.0
farmer	5.0	10.0
collaps	5.0	10.0
ribisi	5.0	10.0
nora	5.0	11.0
puppet	5.0	11.0
therapist	5.0	11.0
tiger	5.0	11.0
judgement	5.0	11.0
sacrific	5.0	11.0
charlott	5.0	11.0
furi	5.0	11.0
frog	5.0	11.0
decemb	5.0	11.0
rogu	5.0	11.0
1990s	5.0	11.0
reappear	5.0	11.0
kidnapp	5.0	11.0
kingpin	5.0	11.0
germani	5.0	11.0
outcom	5.0	11.0
milton	5.0	11.0
flourish	5.0	12.0
premier	5.0	12.0
businessman	5.0	12.0
patric	5.0	12.0
lieuten	5.0	12.0
harold	5.0	12.0
ratio	5.0	12.0
whisper	5.0	12.0
diner	5.0	12.0
uncertain	5.0	12.0
toronto	5.0	12.0
mauric	5.0	12.0
preach	5.0	12.0
thrust	5.0	12.0
picard	5.0	12.0
divid	5.0	12.0
valid	5.0	12.0
per	5.0	13.0
enthusiasm	5.0	13.0
hesit	5.0	13.0
kennedi	5.0	13.0
click	5.0	13.0
skeptic	5.0	13.0
bernard	5.0	13.0
abund	5.0	13.0
pivot	5.0	13.0
loung	5.0	13.0
witherspoon	5.0	13.0
stress	5.0	13.0
entitl	5.0	13.0
eleg	5.0	14.0
_the	5.0	14.0
harvey	5.0	14.0
psych	5.0	14.0
eastwood	5.0	14.0
decept	5.0	14.0
concert	5.0	14.0
alexand	5.0	15.0
digniti	5.0	15.0
minni	5.0	15.0
struck	5.0	15.0
barn	5.0	15.0
exclus	5.0	15.0
lifetim	5.0	15.0
vietnam	5.0	15.0
weir	5.0	15.0
astound	5.0	16.0
layer	5.0	16.0
bate	5.0	16.0
mute	5.0	16.0
quentin	5.0	16.0
nc-17	5.0	16.0
unforgett	5.0	16.0
grandmoth	5.0	16.0
jewish	5.0	16.0
cynthia	5.0	16.0
museum	5.0	17.0
grim	5.0	17.0
bunni	5.0	17.0
shaw	5.0	17.0
destini	5.0	18.0
tender	5.0	18.0
arrang	5.0	18.0
rug	5.0	18.0
1960s	5.0	18.0
nicol	5.0	19.0
dreamwork	5.0	19.0
lang	5.0	20.0
acclaim	5.0	20.0
lean	5.0	20.0
egypt	5.0	20.0
debat	5.0	21.0
grier	5.0	21.0
emperor	5.0	21.0
kay	5.0	21.0
albert	5.0	22.0
poignant	5.0	23.0
invad	5.0	23.0
liber	5.0	24.0
breathtak	5.0	24.0
twister	5.0	24.0
fargo	5.0	25.0
empir	5.0	26.0
mermaid	5.0	26.0
gradual	5.0	27.0
anger	5.0	32.0
refresh	5.0	32.0
controversi	5.0	35.0
robocop	5.0	35.0
spacey	5.0	38.0
truman	5.0	94.0
buffi	6.0	4.0
overkil	6.0	4.0
desk	6.0	4.0
dim	6.0	4.0
joint	6.0	4.0
rosemari	6.0	4.0
malon	6.0	4.0
awe	6.0	4.0
hammi	6.0	4.0
foil	6.0	4.0
urgenc	6.0	4.0
gunfir	6.0	4.0
transplant	6.0	4.0
townsfolk	6.0	4.0
overr	6.0	4.0
unimpress	6.0	4.0
fuzzi	6.0	4.0
belli	6.0	4.0
henchman	6.0	4.0
ounc	6.0	4.0
cigar	6.0	4.0
eighteen	6.0	4.0
enliven	6.0	4.0
barber	6.0	4.0
ought	6.0	4.0
midway	6.0	4.0
shorter	6.0	4.0
exclaim	6.0	4.0
marg	6.0	4.0
ivan	6.0	4.0
tay	6.0	4.0
digg	6.0	4.0
lynn	6.0	4.0
booz	6.0	4.0
gotta	6.0	4.0
rampag	6.0	4.0
aunt	6.0	4.0
bonham	6.0	4.0
kaplan	6.0	4.0
acid	6.0	4.0
backward	6.0	4.0
sinclair	6.0	4.0
knee	6.0	4.0
sibl	6.0	4.0
painter	6.0	4.0
erni	6.0	4.0
cocain	6.0	4.0
chord	6.0	4.0
contempt	6.0	4.0
goldman	6.0	4.0
doogi	6.0	5.0
deconstruct	6.0	5.0
she'd	6.0	5.0
vulgar	6.0	5.0
unleash	6.0	5.0
tourist	6.0	5.0
dern	6.0	5.0
childish	6.0	5.0
whoever	6.0	5.0
thereof	6.0	5.0
o'connor	6.0	5.0
thru	6.0	5.0
adject	6.0	5.0
sigh	6.0	5.0
suffici	6.0	5.0
solo	6.0	5.0
unclear	6.0	5.0
canada	6.0	5.0
cycl	6.0	5.0
guru	6.0	5.0
meticul	6.0	5.0
second-r	6.0	5.0
sultri	6.0	5.0
high-school	6.0	5.0
occupi	6.0	5.0
enforc	6.0	5.0
misadventur	6.0	5.0
occurr	6.0	5.0
lurid	6.0	5.0
playboy	6.0	5.0
poseidon	6.0	5.0
laps	6.0	5.0
simpson	6.0	5.0
viscer	6.0	5.0
veer	6.0	5.0
dwell	6.0	5.0
burt	6.0	5.0
trivial	6.0	5.0
envelop	6.0	5.0
liotta	6.0	5.0
experiment	6.0	6.0
harmless	6.0	6.0
infect	6.0	6.0
neill	6.0	6.0
we'd	6.0	6.0
punk	6.0	6.0
radiant	6.0	6.0
rewrit	6.0	6.0
drastic	6.0	6.0
howl	6.0	6.0
governor	6.0	6.0
ya	6.0	6.0
propaganda	6.0	6.0
that'll	6.0	6.0
taunt	6.0	6.0
smirk	6.0	6.0
surrog	6.0	6.0
assert	6.0	6.0
mount	6.0	6.0
stapl	6.0	6.0
goldberg	6.0	6.0
outlin	6.0	6.0
sunglass	6.0	6.0
scam	6.0	6.0
carv	6.0	6.0
guidanc	6.0	6.0
springer	6.0	6.0
cohen	6.0	6.0
billion	6.0	6.0
ex-wif	6.0	6.0
comeback	6.0	7.0
chocol	6.0	7.0
eastern	6.0	7.0
brazil	6.0	7.0
bog	6.0	7.0
februari	6.0	7.0
penchant	6.0	7.0
counselor	6.0	7.0
thereaft	6.0	7.0
hubbard	6.0	7.0
clutch	6.0	7.0
timothi	6.0	7.0
soar	6.0	7.0
celluloid	6.0	7.0
ditzi	6.0	7.0
renown	6.0	7.0
unfamiliar	6.0	7.0
retain	6.0	7.0
rendit	6.0	7.0
rampant	6.0	7.0
madison	6.0	7.0
choreographi	6.0	7.0
bleed	6.0	7.0
disagre	6.0	7.0
palmer	6.0	7.0
sarandon	6.0	7.0
idol	6.0	7.0
difficulti	6.0	7.0
josi	6.0	7.0
lavish	6.0	7.0
campus	6.0	7.0
mode	6.0	7.0
roach	6.0	7.0
brink	6.0	8.0
reader	6.0	8.0
intrus	6.0	8.0
permeat	6.0	8.0
afternoon	6.0	8.0
seedi	6.0	8.0
daili	6.0	8.0
70	6.0	8.0
kenni	6.0	8.0
improvis	6.0	8.0
rant	6.0	8.0
dna	6.0	8.0
circus	6.0	8.0
macdowel	6.0	8.0
mixtur	6.0	8.0
rami	6.0	8.0
juggl	6.0	8.0
moviemak	6.0	8.0
hungri	6.0	8.0
household	6.0	9.0
allur	6.0	9.0
mastermind	6.0	9.0
leisur	6.0	9.0
sigourney	6.0	9.0
bow	6.0	9.0
scar	6.0	9.0
alleg	6.0	9.0
interior	6.0	9.0
nowaday	6.0	9.0
maclachlan	6.0	9.0
deadpan	6.0	9.0
double-cross	6.0	9.0
monti	6.0	9.0
obscen	6.0	9.0
v	6.0	9.0
victor	6.0	9.0
condemn	6.0	9.0
darn	6.0	9.0
gap	6.0	9.0
follow-up	6.0	9.0
memphi	6.0	9.0
kane	6.0	9.0
spanish	6.0	10.0
compass	6.0	10.0
vessel	6.0	10.0
greet	6.0	10.0
impos	6.0	10.0
span	6.0	10.0
unseen	6.0	10.0
60s	6.0	10.0
klein	6.0	10.0
champion	6.0	10.0
dilemma	6.0	10.0
neglect	6.0	10.0
despair	6.0	10.0
rap	6.0	11.0
atom	6.0	11.0
throat	6.0	11.0
stardom	6.0	11.0
boston	6.0	11.0
rea	6.0	11.0
dement	6.0	11.0
ol	6.0	11.0
paranoia	6.0	11.0
suspicion	6.0	11.0
senior	6.0	11.0
acknowledg	6.0	11.0
temptat	6.0	11.0
mankind	6.0	12.0
rid	6.0	12.0
banter	6.0	12.0
ooz	6.0	12.0
imprison	6.0	12.0
fanat	6.0	12.0
ewan	6.0	12.0
australian	6.0	12.0
columbia	6.0	12.0
curios	6.0	12.0
honesti	6.0	12.0
spill	6.0	13.0
pride	6.0	13.0
begun	6.0	13.0
robber	6.0	13.0
stroke	6.0	13.0
growth	6.0	13.0
vocal	6.0	13.0
anonym	6.0	13.0
demeanor	6.0	13.0
jeann	6.0	13.0
morrison	6.0	14.0
recognit	6.0	14.0
icon	6.0	14.0
natali	6.0	14.0
underwat	6.0	14.0
ricci	6.0	14.0
height	6.0	14.0
resent	6.0	14.0
turner	6.0	14.0
gerard	6.0	14.0
commend	6.0	15.0
evok	6.0	15.0
signal	6.0	15.0
brave	6.0	15.0
anastasia	6.0	15.0
spoon	6.0	15.0
sli	6.0	16.0
crisp	6.0	16.0
extens	6.0	16.0
sold	6.0	16.0
shi	6.0	16.0
introduct	6.0	16.0
divers	6.0	16.0
format	6.0	16.0
creep	6.0	16.0
contest	6.0	16.0
samuel	6.0	16.0
reed	6.0	16.0
lust	6.0	17.0
competit	6.0	17.0
gale	6.0	17.0
darth	6.0	17.0
transcend	6.0	18.0
insur	6.0	18.0
grasp	6.0	18.0
slide	6.0	18.0
braveheart	6.0	18.0
reson	6.0	18.0
raw	6.0	18.0
upset	6.0	18.0
winter	6.0	18.0
percept	6.0	19.0
obstacl	6.0	19.0
absorb	6.0	20.0
blake	6.0	20.0
standout	6.0	20.0
flight	6.0	21.0
unhappi	6.0	21.0
disc	6.0	21.0
devast	6.0	22.0
kidman	6.0	22.0
philosophi	6.0	22.0
pattern	6.0	22.0
carol	6.0	23.0
ambigu	6.0	24.0
silver	6.0	24.0
resolut	6.0	25.0
smooth	6.0	26.0
be	6.0	27.0
dillon	6.0	27.0
schindler	6.0	28.0
felix	6.0	28.0
warm	6.0	29.0
belief	6.0	30.0
german	6.0	34.0
era	6.0	53.0
alert	7.0	3.0
sleepwalk	7.0	3.0
formal	7.0	3.0
crumbl	7.0	3.0
supervis	7.0	3.0
horrend	7.0	3.0
kathryn	7.0	3.0
assasin	7.0	3.0
racial	7.0	3.0
sergeant	7.0	3.0
policeman	7.0	3.0
shriek	7.0	3.0
hick	7.0	3.0
transpar	7.0	3.0
nichol	7.0	3.0
overt	7.0	3.0
orbit	7.0	3.0
thwart	7.0	3.0
mcquarri	7.0	3.0
mutter	7.0	3.0
t&a	7.0	3.0
superflu	7.0	3.0
altar	7.0	3.0
isl	7.0	3.0
chef	7.0	4.0
numb	7.0	4.0
tail	7.0	4.0
shtick	7.0	4.0
jonni	7.0	4.0
valentin	7.0	4.0
carrol	7.0	4.0
tick	7.0	4.0
pill	7.0	4.0
deceas	7.0	4.0
seinfeld	7.0	4.0
one-jok	7.0	4.0
overplay	7.0	4.0
dafo	7.0	4.0
epp	7.0	4.0
motel	7.0	4.0
hatti	7.0	4.0
davidson	7.0	4.0
helgenberg	7.0	4.0
ninja	7.0	4.0
muscl	7.0	4.0
ambassador	7.0	4.0
morph	7.0	4.0
raunchi	7.0	4.0
slow-mot	7.0	4.0
drab	7.0	4.0
mcgowan	7.0	4.0
lesra	7.0	4.0
in-jok	7.0	5.0
dish	7.0	5.0
calib	7.0	5.0
greenwood	7.0	5.0
yellow	7.0	5.0
sunris	7.0	5.0
runaway	7.0	5.0
grumpi	7.0	5.0
squeez	7.0	5.0
extravag	7.0	5.0
drain	7.0	5.0
tempt	7.0	5.0
placement	7.0	5.0
coincident	7.0	5.0
nathan	7.0	5.0
statu	7.0	5.0
valuabl	7.0	5.0
implant	7.0	5.0
equat	7.0	5.0
sevigni	7.0	5.0
antagonist	7.0	5.0
larter	7.0	5.0
leak	7.0	5.0
rd	7.0	5.0
hug	7.0	5.0
heartless	7.0	5.0
spooki	7.0	5.0
generous	7.0	5.0
hotshot	7.0	5.0
grammer	7.0	5.0
mia	7.0	5.0
ell	7.0	5.0
shred	7.0	6.0
apollo	7.0	6.0
sf	7.0	6.0
high-tech	7.0	6.0
manufactur	7.0	6.0
noteworthi	7.0	6.0
yuppi	7.0	6.0
singular	7.0	6.0
spacecraft	7.0	6.0
traffic	7.0	6.0
[r]	7.0	6.0
calcul	7.0	6.0
health	7.0	6.0
verit	7.0	6.0
juliett	7.0	6.0
1999	7.0	6.0
flamboy	7.0	6.0
nikki	7.0	6.0
compris	7.0	6.0
confer	7.0	6.0
transvestit	7.0	6.0
draft	7.0	6.0
chunk	7.0	6.0
inherit	7.0	6.0
pocket	7.0	6.0
redneck	7.0	6.0
prestigi	7.0	6.0
eras	7.0	6.0
miramax	7.0	6.0
rhythm	7.0	6.0
elijah	7.0	6.0
condor	7.0	6.0
heavy-hand	7.0	7.0
judi	7.0	7.0
trigger	7.0	7.0
awri	7.0	7.0
rooki	7.0	7.0
paus	7.0	7.0
adrenalin	7.0	7.0
literari	7.0	7.0
highest	7.0	7.0
gershon	7.0	7.0
diabol	7.0	7.0
exceed	7.0	7.0
kit	7.0	7.0
churn	7.0	7.0
faster	7.0	7.0
miracl	7.0	7.0
manic	7.0	7.0
roller	7.0	7.0
merchandis	7.0	7.0
mentor	7.0	7.0
hamper	7.0	7.0
collid	7.0	7.0
poitier	7.0	7.0
lovitz	7.0	7.0
rhame	7.0	7.0
terrenc	7.0	7.0
ash	7.0	7.0
spider	7.0	7.0
provoc	7.0	7.0
juvenil	7.0	8.0
cartoonish	7.0	8.0
document	7.0	8.0
shelv	7.0	8.0
rod	7.0	8.0
apolog	7.0	8.0
redman	7.0	8.0
shell	7.0	8.0
pot	7.0	8.0
poem	7.0	8.0
contradict	7.0	8.0
slacker	7.0	8.0
taught	7.0	8.0
spit	7.0	8.0
cabin	7.0	8.0
face/off	7.0	8.0
science-fict	7.0	8.0
ving	7.0	8.0
clock	7.0	8.0
sixti	7.0	8.0
swarm	7.0	8.0
nostalg	7.0	8.0
inferior	7.0	8.0
impend	7.0	8.0
fifti	7.0	8.0
bash	7.0	8.0
declin	7.0	8.0
dirt	7.0	8.0
spew	7.0	8.0
manifest	7.0	9.0
wizard	7.0	9.0
satellit	7.0	9.0
lab	7.0	9.0
flower	7.0	9.0
tornado	7.0	9.0
vital	7.0	9.0
luxuri	7.0	9.0
expedit	7.0	9.0
wolf	7.0	9.0
torment	7.0	9.0
geek	7.0	9.0
turmoil	7.0	9.0
bless	7.0	9.0
request	7.0	9.0
paragraph	7.0	9.0
sprinkl	7.0	9.0
hallucin	7.0	9.0
garner	7.0	9.0
underworld	7.0	9.0
abort	7.0	9.0
sunk	7.0	9.0
fast-pac	7.0	10.0
proport	7.0	10.0
african-american	7.0	10.0
duncan	7.0	10.0
navi	7.0	10.0
fluff	7.0	10.0
contend	7.0	10.0
gus	7.0	10.0
wheel	7.0	10.0
foreshadow	7.0	10.0
ruthless	7.0	10.0
shore	7.0	10.0
emphas	7.0	10.0
restless	7.0	10.0
wash	7.0	10.0
tin	7.0	10.0
indiana	7.0	10.0
map	7.0	10.0
clinic	7.0	10.0
spotlight	7.0	10.0
sherri	7.0	10.0
envis	7.0	10.0
leonard	7.0	10.0
dane	7.0	10.0
waitress	7.0	11.0
patriot	7.0	11.0
syndrom	7.0	11.0
assort	7.0	11.0
invis	7.0	11.0
underr	7.0	11.0
pump	7.0	11.0
snap	7.0	11.0
outer	7.0	11.0
courtney	7.0	11.0
stern	7.0	11.0
hech	7.0	11.0
paramount	7.0	11.0
heal	7.0	11.0
faculti	7.0	11.0
platt	7.0	12.0
substanti	7.0	12.0
monologu	7.0	12.0
prom	7.0	12.0
heighten	7.0	12.0
distinguish	7.0	12.0
godfath	7.0	12.0
unfair	7.0	12.0
counterpart	7.0	12.0
dust	7.0	12.0
salesman	7.0	12.0
variat	7.0	12.0
emphasi	7.0	12.0
frankenstein	7.0	12.0
melani	7.0	13.0
newton	7.0	13.0
buff	7.0	13.0
feed	7.0	13.0
maci	7.0	13.0
harm	7.0	13.0
ethic	7.0	13.0
gritti	7.0	13.0
rodriguez	7.0	13.0
simultan	7.0	13.0
mobster	7.0	13.0
florida	7.0	13.0
dant	7.0	13.0
orphan	7.0	13.0
worm	7.0	13.0
spectacl	7.0	14.0
restrain	7.0	14.0
japan	7.0	14.0
demis	7.0	14.0
expand	7.0	14.0
rumor	7.0	14.0
80	7.0	14.0
forti	7.0	14.0
pierc	7.0	14.0
uncl	7.0	14.0
conceiv	7.0	14.0
eas	7.0	14.0
enlist	7.0	15.0
section	7.0	15.0
clash	7.0	15.0
asian	7.0	15.0
feat	7.0	15.0
bought	7.0	15.0
blackmail	7.0	15.0
portman	7.0	15.0
grew	7.0	15.0
text	7.0	15.0
lemmon	7.0	15.0
wright	7.0	15.0
integr	7.0	15.0
rout	7.0	15.0
flair	7.0	15.0
impli	7.0	16.0
oppress	7.0	16.0
enthusiast	7.0	16.0
rudi	7.0	16.0
elect	7.0	17.0
octob	7.0	17.0
gas	7.0	17.0
x	7.0	17.0
restor	7.0	18.0
flawless	7.0	19.0
thirteenth	7.0	19.0
companion	7.0	19.0
wallac	7.0	19.0
unpredict	7.0	20.0
resort	7.0	20.0
spoken	7.0	20.0
backdrop	7.0	21.0
dawn	7.0	21.0
linda	7.0	21.0
gem	7.0	22.0
howard	7.0	22.0
await	7.0	22.0
griffith	7.0	23.0
diaz	7.0	23.0
hurrican	7.0	25.0
negoti	7.0	27.0
portrait	7.0	27.0
craven	7.0	30.0
buzz	7.0	31.0
astonish	7.0	32.0
malkovich	7.0	32.0
grip	7.0	33.0
wong	7.0	33.0
freedom	7.0	35.0
matur	7.0	39.0
crab	8.0	2.0
drip	8.0	2.0
uh	8.0	2.0
jingl	8.0	2.0
nun	8.0	2.0
pregnanc	8.0	2.0
proverbi	8.0	2.0
tripe	8.0	2.0
chore	8.0	2.0
aniston	8.0	2.0
lightweight	8.0	2.0
zahn	8.0	2.0
reek	8.0	2.0
dice	8.0	2.0
reitman	8.0	2.0
drivel	8.0	2.0
sonnenfeld	8.0	2.0
jumbl	8.0	2.0
lap	8.0	2.0
nauseat	8.0	2.0
roy	8.0	2.0
nasa	8.0	2.0
minus	8.0	2.0
pacif	8.0	2.0
gayheart	8.0	2.0
pearl	8.0	2.0
crocodil	8.0	2.0
matilda	8.0	2.0
murki	8.0	3.0
unimagin	8.0	3.0
die-hard	8.0	3.0
renegad	8.0	3.0
marit	8.0	3.0
conspir	8.0	3.0
corridor	8.0	3.0
swan	8.0	3.0
made-for-tv	8.0	3.0
digress	8.0	3.0
patent	8.0	3.0
shakespearean	8.0	3.0
ironsid	8.0	3.0
scholarship	8.0	3.0
leer	8.0	3.0
baggag	8.0	3.0
feature-length	8.0	3.0
graviti	8.0	3.0
zucker	8.0	3.0
dutch	8.0	3.0
slicker	8.0	3.0
claw	8.0	3.0
rifl	8.0	3.0
afterthought	8.0	3.0
raymond	8.0	3.0
understood	8.0	4.0
elsewher	8.0	4.0
sarcast	8.0	4.0
inappropri	8.0	4.0
glimmer	8.0	4.0
henchmen	8.0	4.0
websit	8.0	4.0
leguizamo	8.0	4.0
stellar	8.0	4.0
trunk	8.0	4.0
chimp	8.0	4.0
roxburi	8.0	4.0
resum	8.0	4.0
punchlin	8.0	4.0
region	8.0	4.0
mid	8.0	4.0
ineffect	8.0	4.0
sluggish	8.0	4.0
valley	8.0	4.0
unrel	8.0	4.0
garcia	8.0	4.0
garri	8.0	4.0
spade	8.0	4.0
beam	8.0	5.0
consult	8.0	5.0
elud	8.0	5.0
stuf	8.0	5.0
static	8.0	5.0
injur	8.0	5.0
evacu	8.0	5.0
extract	8.0	5.0
radiat	8.0	5.0
headlin	8.0	5.0
endang	8.0	5.0
unforgiv	8.0	5.0
usa	8.0	5.0
patron	8.0	5.0
stripper	8.0	5.0
convert	8.0	5.0
down	8.0	5.0
slice	8.0	5.0
bartend	8.0	5.0
maneuv	8.0	5.0
derang	8.0	5.0
bald	8.0	5.0
rubel	8.0	5.0
norman	8.0	5.0
plate	8.0	5.0
decapit	8.0	6.0
hallmark	8.0	6.0
crusad	8.0	6.0
blah	8.0	6.0
simul	8.0	6.0
anniversari	8.0	6.0
ditch	8.0	6.0
overlong	8.0	6.0
thiev	8.0	6.0
junior	8.0	6.0
matchmak	8.0	6.0
rosi	8.0	6.0
cain	8.0	6.0
limb	8.0	6.0
chart	8.0	6.0
capac	8.0	6.0
wolv	8.0	6.0
cardin	8.0	6.0
doug	8.0	6.0
taglin	8.0	6.0
secondari	8.0	6.0
wink	8.0	6.0
schedul	8.0	7.0
nineti	8.0	7.0
minim	8.0	7.0
yorker	8.0	7.0
shit	8.0	7.0
first-tim	8.0	7.0
chest	8.0	7.0
santa	8.0	7.0
strategi	8.0	7.0
steam	8.0	7.0
bargain	8.0	7.0
helpless	8.0	7.0
fuel	8.0	7.0
procedur	8.0	7.0
smarter	8.0	7.0
teas	8.0	7.0
literatur	8.0	7.0
big-screen	8.0	7.0
upsid	8.0	7.0
bookstor	8.0	8.0
georgia	8.0	8.0
mythic	8.0	8.0
postman	8.0	8.0
stray	8.0	8.0
liner	8.0	8.0
polish	8.0	8.0
it'll	8.0	8.0
stood	8.0	8.0
val	8.0	8.0
net	8.0	8.0
ali	8.0	8.0
culmin	8.0	8.0
heap	8.0	8.0
marc	8.0	8.0
placid	8.0	8.0
blunt	8.0	9.0
shrink	8.0	9.0
underus	8.0	9.0
lengthi	8.0	9.0
subdu	8.0	9.0
superhero	8.0	9.0
romp	8.0	9.0
nerv	8.0	9.0
pine	8.0	9.0
fabric	8.0	9.0
primit	8.0	9.0
kingsley	8.0	9.0
kitchen	8.0	9.0
rubin	8.0	9.0
closest	8.0	10.0
grandfath	8.0	10.0
amidst	8.0	10.0
reckless	8.0	10.0
tax	8.0	10.0
wreak	8.0	10.0
alli	8.0	10.0
newman	8.0	10.0
uneven	8.0	10.0
nicola	8.0	10.0
rambl	8.0	10.0
horrif	8.0	11.0
compliment	8.0	11.0
psychopath	8.0	11.0
neighborhood	8.0	11.0
sampl	8.0	11.0
perman	8.0	11.0
fishburn	8.0	11.0
thornton	8.0	11.0
frozen	8.0	11.0
disastr	8.0	11.0
poster	8.0	11.0
sappi	8.0	11.0
quarter	8.0	11.0
propos	8.0	11.0
sheen	8.0	11.0
1980s	8.0	11.0
bridget	8.0	11.0
leonardo	8.0	12.0
armor	8.0	12.0
notori	8.0	12.0
moon	8.0	12.0
mors	8.0	12.0
elicit	8.0	12.0
steel	8.0	12.0
relax	8.0	12.0
reign	8.0	12.0
australia	8.0	12.0
velvet	8.0	12.0
20th	8.0	12.0
notch	8.0	12.0
ritual	8.0	12.0
boyl	8.0	12.0
mail	8.0	13.0
elit	8.0	13.0
dive	8.0	13.0
odyssey	8.0	13.0
tip	8.0	13.0
solut	8.0	13.0
philip	8.0	13.0
nod	8.0	13.0
royal	8.0	13.0
prologu	8.0	13.0
drift	8.0	13.0
spontan	8.0	13.0
unawar	8.0	13.0
tour	8.0	14.0
access	8.0	14.0
stake	8.0	14.0
preced	8.0	14.0
weather	8.0	14.0
tunnel	8.0	14.0
behold	8.0	14.0
wick	8.0	14.0
lane	8.0	14.0
inner	8.0	14.0
gate	8.0	14.0
annett	8.0	14.0
innov	8.0	14.0
sale	8.0	14.0
estella	8.0	14.0
lifestyl	8.0	15.0
sunday	8.0	15.0
spike	8.0	15.0
medium	8.0	15.0
pursuit	8.0	15.0
uma	8.0	15.0
verbal	8.0	15.0
insurrect	8.0	15.0
vari	8.0	16.0
pal	8.0	16.0
complaint	8.0	16.0
ponder	8.0	16.0
defeat	8.0	16.0
loyal	8.0	16.0
travi	8.0	16.0
obscur	8.0	16.0
effici	8.0	16.0
appl	8.0	16.0
senat	8.0	17.0
foster	8.0	17.0
resurrect	8.0	17.0
casino	8.0	17.0
gavin	8.0	17.0
thought-provok	8.0	18.0
awaken	8.0	18.0
oppos	8.0	18.0
apt	8.0	18.0
owe	8.0	18.0
mose	8.0	18.0
sweep	8.0	19.0
briefli	8.0	19.0
racism	8.0	19.0
jessica	8.0	19.0
advoc	8.0	20.0
cuba	8.0	20.0
arrog	8.0	20.0
garden	8.0	20.0
breakdown	8.0	21.0
colonel	8.0	21.0
tremend	8.0	21.0
harsh	8.0	21.0
dogma	8.0	21.0
slick	8.0	21.0
craig	8.0	21.0
startl	8.0	22.0
pam	8.0	22.0
awesom	8.0	23.0
blend	8.0	23.0
parallel	8.0	23.0
sensibl	8.0	23.0
1970s	8.0	23.0
immens	8.0	24.0
canadian	8.0	24.0
parker	8.0	24.0
angela	8.0	24.0
fincher	8.0	25.0
triumph	8.0	27.0
balanc	8.0	27.0
authent	8.0	29.0
elder	8.0	29.0
graham	8.0	30.0
deepli	8.0	30.0
belov	8.0	31.0
sincer	8.0	32.0
trilog	8.0	35.0
italian	8.0	35.0
regard	8.0	39.0
stuart	8.0	40.0
furnitur	9.0	1.0
crappi	9.0	1.0
wield	9.0	1.0
valmont	9.0	1.0
hurlybur	9.0	1.0
amateur	9.0	1.0
stalker	9.0	1.0
graini	9.0	2.0
charlton	9.0	2.0
headach	9.0	2.0
thunder	9.0	2.0
telegraph	9.0	2.0
brunett	9.0	2.0
non-exist	9.0	2.0
pollack	9.0	2.0
conquer	9.0	2.0
bruckheim	9.0	2.0
smack	9.0	2.0
madonna	9.0	2.0
logo	9.0	2.0
mack	9.0	2.0
two-hour	9.0	3.0
shove	9.0	3.0
tattoo	9.0	3.0
stall	9.0	3.0
railroad	9.0	3.0
fisherman	9.0	3.0
asset	9.0	3.0
eh	9.0	3.0
coma	9.0	3.0
sooner	9.0	3.0
hitman	9.0	3.0
jean-claud	9.0	3.0
rodman	9.0	3.0
unsuspect	9.0	3.0
angelina	9.0	3.0
violat	9.0	3.0
stu	9.0	3.0
worthless	9.0	4.0
vein	9.0	4.0
tunney	9.0	4.0
half-hour	9.0	4.0
lunch	9.0	4.0
crown	9.0	4.0
slam	9.0	4.0
baffl	9.0	4.0
option	9.0	4.0
shelf	9.0	4.0
gee	9.0	4.0
gross-out	9.0	4.0
oil	9.0	4.0
foul	9.0	4.0
sewel	9.0	4.0
inkpot	9.0	4.0
creaki	9.0	4.0
gotcha	9.0	4.0
cancer	9.0	4.0
ghostbust	9.0	4.0
pornographi	9.0	4.0
vanessa	9.0	4.0
wardrob	9.0	5.0
harlem	9.0	5.0
mutat	9.0	5.0
pic	9.0	5.0
bounc	9.0	5.0
elm	9.0	5.0
weigh	9.0	5.0
approxim	9.0	5.0
stomach	9.0	5.0
gaug	9.0	5.0
tactic	9.0	5.0
zani	9.0	5.0
toro	9.0	5.0
reunit	9.0	5.0
bang	9.0	5.0
minimum	9.0	5.0
jade	9.0	5.0
yarn	9.0	5.0
beek	9.0	5.0
plummer	9.0	6.0
mimi	9.0	6.0
requisit	9.0	6.0
chow	9.0	6.0
fetish	9.0	6.0
jovovich	9.0	6.0
bath	9.0	6.0
elisabeth	9.0	6.0
spout	9.0	6.0
recit	9.0	6.0
distress	9.0	6.0
unrealist	9.0	6.0
melt	9.0	6.0
underwritten	9.0	6.0
propel	9.0	6.0
chinatown	9.0	6.0
pirat	9.0	6.0
enlighten	9.0	7.0
meal	9.0	7.0
patienc	9.0	7.0
gina	9.0	7.0
contempl	9.0	7.0
vaniti	9.0	7.0
casual	9.0	7.0
penni	9.0	7.0
overus	9.0	7.0
sue	9.0	7.0
jenni	9.0	7.0
meander	9.0	7.0
earnest	9.0	7.0
tank	9.0	7.0
peculiar	9.0	7.0
90	9.0	7.0
ladder	9.0	7.0
april	9.0	7.0
substitut	9.0	7.0
custodi	9.0	7.0
automobil	9.0	7.0
sadist	9.0	8.0
dynam	9.0	8.0
sabotag	9.0	8.0
basement	9.0	8.0
twelv	9.0	8.0
junki	9.0	8.0
absenc	9.0	8.0
admiss	9.0	8.0
yearn	9.0	8.0
muster	9.0	8.0
popcorn	9.0	8.0
misguid	9.0	8.0
contrari	9.0	8.0
hooker	9.0	8.0
array	9.0	8.0
opt	9.0	8.0
beg	9.0	8.0
mann	9.0	8.0
mercuri	9.0	8.0
evan	9.0	9.0
existenz	9.0	9.0
undermin	9.0	9.0
vice	9.0	9.0
labut	9.0	9.0
breed	9.0	9.0
fiance	9.0	9.0
sweetheart	9.0	9.0
incarn	9.0	9.0
glen	9.0	9.0
awhil	9.0	9.0
butcher	9.0	9.0
arab	9.0	9.0
botch	9.0	10.0
under	9.0	10.0
protest	9.0	10.0
racist	9.0	10.0
lamb	9.0	10.0
janean	9.0	10.0
transit	9.0	10.0
manhattan	9.0	10.0
confin	9.0	10.0
jacob	9.0	10.0
kyle	9.0	10.0
shatter	9.0	10.0
rumbl	9.0	10.0
kasdan	9.0	10.0
dispos	9.0	11.0
phenomenon	9.0	11.0
confirm	9.0	11.0
relev	9.0	11.0
suffic	9.0	11.0
consum	9.0	11.0
abyss	9.0	11.0
sand	9.0	11.0
jazz	9.0	11.0
recov	9.0	11.0
curs	9.0	11.0
bitch	9.0	11.0
plotlin	9.0	11.0
arrow	9.0	11.0
where	9.0	11.0
gruesom	9.0	11.0
troop	9.0	11.0
fed	9.0	11.0
lyric	9.0	11.0
spaceship	9.0	12.0
detach	9.0	12.0
suspend	9.0	12.0
rita	9.0	12.0
warp	9.0	12.0
would'v	9.0	12.0
kati	9.0	12.0
conduct	9.0	12.0
hat	9.0	12.0
properti	9.0	12.0
imit	9.0	13.0
unsettl	9.0	13.0
paradis	9.0	13.0
midst	9.0	13.0
publish	9.0	13.0
regret	9.0	13.0
walsh	9.0	13.0
funer	9.0	13.0
erin	9.0	13.0
coloni	9.0	14.0
loath	9.0	14.0
spite	9.0	14.0
characterist	9.0	14.0
tendenc	9.0	14.0
saint	9.0	15.0
sorvino	9.0	15.0
philosoph	9.0	15.0
christin	9.0	15.0
greed	9.0	15.0
snow	9.0	15.0
everywher	9.0	15.0
virtu	9.0	15.0
sympath	9.0	15.0
flee	9.0	15.0
flirt	9.0	15.0
jaw	9.0	15.0
slaveri	9.0	15.0
photo	9.0	15.0
perpetu	9.0	16.0
heroic	9.0	16.0
regardless	9.0	16.0
medic	9.0	16.0
aris	9.0	16.0
>from	9.0	16.0
tackl	9.0	16.0
han	9.0	16.0
bull	9.0	16.0
respond	9.0	16.0
todd	9.0	17.0
illeg	9.0	17.0
metaphor	9.0	17.0
deliber	9.0	17.0
rebel	9.0	17.0
cope	9.0	17.0
charismat	9.0	17.0
heartbreak	9.0	17.0
address	9.0	17.0
luckili	9.0	18.0
illustr	9.0	18.0
cloud	9.0	18.0
calm	9.0	18.0
elev	9.0	18.0
profit	9.0	18.0
explicit	9.0	19.0
label	9.0	19.0
energet	9.0	19.0
particip	9.0	19.0
mcgregor	9.0	20.0
vicious	9.0	21.0
nearbi	9.0	21.0
marti	9.0	21.0
california	9.0	21.0
ensembl	9.0	21.0
own	9.0	21.0
discoveri	9.0	21.0
robbi	9.0	21.0
deniro	9.0	21.0
split	9.0	22.0
ambiti	9.0	22.0
anymor	9.0	22.0
labor	9.0	23.0
tens	9.0	23.0
interpret	9.0	23.0
inhabit	9.0	25.0
clair	9.0	25.0
eager	9.0	25.0
sonni	9.0	25.0
vulner	9.0	26.0
fienn	9.0	27.0
homag	9.0	27.0
citizen	9.0	28.0
captiv	9.0	29.0
crisi	9.0	30.0
contemporari	9.0	31.0
ordinari	9.0	33.0
ripley	9.0	36.0
niro	9.0	39.0
ideal	9.0	40.0
dvd	9.0	46.0
rocki	9.0	47.0
luca	9.0	65.0
tarantino	9.0	65.0
juic	10.0	0.0
underwood	10.0	0.0
rugrat	10.0	0.0
gregg	10.0	0.0
loveless	10.0	0.0
gia	10.0	0.0
kersey	10.0	0.0
wigand	10.0	0.0
verlain	10.0	0.0
zardoz	10.0	0.0
cane	10.0	1.0
tobacco	10.0	1.0
spiral	10.0	1.0
digest	10.0	1.0
duplic	10.0	1.0
wanda	10.0	1.0
carey	10.0	1.0
amateurish	10.0	2.0
joker	10.0	2.0
vomit	10.0	2.0
nest	10.0	2.0
sebastian	10.0	2.0
matti	10.0	2.0
stream	10.0	2.0
mena	10.0	2.0
ken	10.0	3.0
bliss	10.0	3.0
rope	10.0	3.0
unapp	10.0	3.0
sporad	10.0	3.0
trumpet	10.0	3.0
ego	10.0	3.0
lick	10.0	3.0
leather	10.0	3.0
movie-go	10.0	3.0
topless	10.0	3.0
bathtub	10.0	3.0
beard	10.0	3.0
brooklyn	10.0	3.0
wcw	10.0	3.0
slater	10.0	3.0
dylan	10.0	4.0
chees	10.0	4.0
leoni	10.0	4.0
o'connel	10.0	4.0
ham	10.0	4.0
salvag	10.0	4.0
divert	10.0	4.0
brasco	10.0	4.0
button	10.0	4.0
chop	10.0	4.0
zombi	10.0	4.0
quarterback	10.0	4.0
matthau	10.0	4.0
asteroid	10.0	4.0
senseless	10.0	4.0
outlaw	10.0	4.0
despic	10.0	5.0
chicken	10.0	5.0
illus	10.0	5.0
salli	10.0	5.0
helicopt	10.0	5.0
flavor	10.0	5.0
sour	10.0	5.0
hackney	10.0	5.0
vengeanc	10.0	5.0
choppi	10.0	5.0
trashi	10.0	5.0
hannah	10.0	5.0
der	10.0	5.0
shadi	10.0	6.0
maria	10.0	6.0
nemesi	10.0	6.0
whine	10.0	6.0
francisco	10.0	6.0
sucker	10.0	6.0
boredom	10.0	6.0
reno	10.0	6.0
eighti	10.0	6.0
bruno	10.0	6.0
bulk	10.0	6.0
underdevelop	10.0	6.0
zoom	10.0	6.0
meantim	10.0	6.0
wet	10.0	6.0
bust	10.0	6.0
vain	10.0	7.0
gellar	10.0	7.0
jeremi	10.0	7.0
undercov	10.0	7.0
outset	10.0	7.0
giggl	10.0	7.0
pant	10.0	7.0
fist	10.0	7.0
ark	10.0	7.0
quirk	10.0	7.0
lazi	10.0	7.0
jersey	10.0	7.0
reliabl	10.0	7.0
dumber	10.0	7.0
dismal	10.0	7.0
depalma	10.0	7.0
preserv	10.0	8.0
stiff	10.0	8.0
immort	10.0	8.0
moviego	10.0	8.0
asleep	10.0	8.0
miseri	10.0	8.0
advis	10.0	8.0
realis	10.0	8.0
fundament	10.0	8.0
gray	10.0	8.0
equival	10.0	9.0
beaten	10.0	9.0
oppon	10.0	9.0
healthi	10.0	9.0
habit	10.0	9.0
widow	10.0	9.0
undoubt	10.0	9.0
thick	10.0	9.0
pound	10.0	9.0
overlook	10.0	9.0
pg-13	10.0	9.0
conscious	10.0	9.0
rave	10.0	9.0
alley	10.0	9.0
abraham	10.0	9.0
incess	10.0	10.0
cue	10.0	10.0
swallow	10.0	10.0
voyag	10.0	10.0
havoc	10.0	10.0
shirt	10.0	10.0
simplist	10.0	10.0
exhibit	10.0	10.0
boot	10.0	10.0
jacqu	10.0	10.0
frenzi	10.0	10.0
christina	10.0	10.0
momentum	10.0	10.0
insect	10.0	11.0
deem	10.0	11.0
box-offic	10.0	11.0
ward	10.0	11.0
wisdom	10.0	11.0
triangl	10.0	11.0
newspap	10.0	11.0
incident	10.0	11.0
beer	10.0	11.0
plight	10.0	11.0
exagger	10.0	11.0
potent	10.0	11.0
judgment	10.0	11.0
overbear	10.0	11.0
deed	10.0	11.0
super	10.0	11.0
peer	10.0	11.0
post	10.0	11.0
candi	10.0	11.0
eugen	10.0	11.0
joseph	10.0	12.0
lumet	10.0	12.0
1996	10.0	12.0
lesli	10.0	12.0
joblo	10.0	12.0
essenc	10.0	12.0
upcom	10.0	12.0
coast	10.0	12.0
guilt	10.0	13.0
print	10.0	13.0
farc	10.0	13.0
automat	10.0	14.0
arguabl	10.0	14.0
on-screen	10.0	14.0
dave	10.0	14.0
factori	10.0	14.0
stewart	10.0	14.0
gambl	10.0	14.0
laid	10.0	14.0
depp	10.0	14.0
sieg	10.0	14.0
stylist	10.0	14.0
farm	10.0	14.0
karen	10.0	14.0
transfer	10.0	15.0
butler	10.0	15.0
omin	10.0	15.0
70s	10.0	15.0
robberi	10.0	16.0
par	10.0	16.0
embrac	10.0	16.0
crude	10.0	16.0
realize	10.0	16.0
grab	10.0	16.0
colleagu	10.0	16.0
launch	10.0	16.0
nichola	10.0	16.0
galaxi	10.0	17.0
musician	10.0	17.0
videotap	10.0	17.0
corpor	10.0	17.0
sensit	10.0	17.0
victori	10.0	17.0
straightforward	10.0	17.0
ambit	10.0	17.0
weaver	10.0	17.0
hyster	10.0	17.0
irish	10.0	17.0
fond	10.0	18.0
contract	10.0	18.0
ador	10.0	18.0
heather	10.0	18.0
proof	10.0	18.0
tag	10.0	18.0
till	10.0	18.0
fonda	10.0	18.0
torn	10.0	18.0
editor	10.0	19.0
pitt	10.0	19.0
urg	10.0	19.0
heist	10.0	19.0
punish	10.0	19.0
intric	10.0	20.0
subtitl	10.0	21.0
prior	10.0	21.0
resolv	10.0	21.0
stir	10.0	21.0
pat	10.0	22.0
virgin	10.0	22.0
delici	10.0	22.0
watson	10.0	23.0
michell	10.0	23.0
varieti	10.0	23.0
vast	10.0	23.0
mass	10.0	23.0
strain	10.0	24.0
creation	10.0	25.0
defens	10.0	25.0
plausibl	10.0	25.0
paxton	10.0	25.0
x-file	10.0	25.0
nervous	10.0	26.0
sixth	10.0	26.0
endear	10.0	26.0
china	10.0	27.0
duke	10.0	28.0
custom	10.0	29.0
youth	10.0	30.0
nicholson	10.0	32.0
maggi	10.0	32.0
nuclear	10.0	33.0
extraordinari	10.0	33.0
nevertheless	10.0	36.0
jar	10.0	40.0
joy	10.0	45.0
misfir	11.0	0.0
dwayn	11.0	0.0
arraki	11.0	0.0
babysitt	11.0	0.0
louie	11.0	0.0
peet	11.0	0.0
spillan	11.0	0.0
ugh	11.0	1.0
simmon	11.0	1.0
entrap	11.0	1.0
blaze	11.0	2.0
limp	11.0	2.0
clan	11.0	2.0
tingl	11.0	2.0
preston	11.0	2.0
sicken	11.0	2.0
diari	11.0	3.0
paycheck	11.0	3.0
jewel	11.0	3.0
chloe	11.0	3.0
mctiernan	11.0	3.0
cape	11.0	3.0
strap	11.0	3.0
carnag	11.0	3.0
millennium	11.0	4.0
pod	11.0	4.0
secretari	11.0	4.0
grunt	11.0	4.0
charliz	11.0	5.0
helena	11.0	5.0
tame	11.0	5.0
angst	11.0	5.0
cooki	11.0	5.0
parad	11.0	5.0
aimless	11.0	5.0
gimmick	11.0	5.0
liaison	11.0	5.0
decor	11.0	5.0
karla	11.0	5.0
overblown	11.0	6.0
slimi	11.0	6.0
could'v	11.0	6.0
kurt	11.0	6.0
abrupt	11.0	6.0
error	11.0	6.0
dissolv	11.0	6.0
web	11.0	6.0
spader	11.0	6.0
exposit	11.0	7.0
prompt	11.0	7.0
unsuccess	11.0	7.0
levi	11.0	7.0
funnier	11.0	7.0
chucki	11.0	7.0
knife	11.0	7.0
merci	11.0	7.0
flip	11.0	7.0
behav	11.0	8.0
irrelev	11.0	8.0
keener	11.0	8.0
cab	11.0	8.0
shark	11.0	8.0
inmat	11.0	8.0
articl	11.0	8.0
salma	11.0	8.0
casper	11.0	9.0
rebecca	11.0	9.0
norm	11.0	9.0
glare	11.0	9.0
strand	11.0	9.0
relentless	11.0	9.0
prize	11.0	9.0
henc	11.0	9.0
tongu	11.0	9.0
proven	11.0	9.0
er	11.0	10.0
film-mak	11.0	10.0
journalist	11.0	10.0
partial	11.0	10.0
shield	11.0	10.0
grave	11.0	10.0
pour	11.0	10.0
exit	11.0	10.0
nobl	11.0	10.0
deck	11.0	10.0
foley	11.0	10.0
cap	11.0	10.0
violin	11.0	10.0
milk	11.0	11.0
interrupt	11.0	11.0
nifti	11.0	11.0
slaughter	11.0	11.0
render	11.0	11.0
inabl	11.0	11.0
phillip	11.0	11.0
shue	11.0	11.0
mold	11.0	11.0
smash	11.0	12.0
candid	11.0	12.0
arizona	11.0	12.0
leigh	11.0	12.0
encourag	11.0	12.0
aboard	11.0	12.0
frantic	11.0	12.0
aggress	11.0	12.0
piano	11.0	12.0
ran	11.0	12.0
institut	11.0	12.0
nomi	11.0	12.0
jealous	11.0	13.0
elfman	11.0	13.0
descript	11.0	13.0
indic	11.0	13.0
provok	11.0	13.0
fade	11.0	13.0
duchovni	11.0	13.0
repli	11.0	13.0
assembl	11.0	13.0
primarili	11.0	14.0
insecur	11.0	14.0
underground	11.0	14.0
redempt	11.0	14.0
cia	11.0	14.0
pale	11.0	14.0
voice-ov	11.0	14.0
cure	11.0	15.0
nurs	11.0	15.0
sleazi	11.0	15.0
phrase	11.0	15.0
dislik	11.0	15.0
humili	11.0	15.0
seduc	11.0	16.0
hadn't	11.0	16.0
mexico	11.0	16.0
meat	11.0	16.0
realism	11.0	16.0
shoe	11.0	16.0
jock	11.0	16.0
cathol	11.0	17.0
uniform	11.0	17.0
gear	11.0	17.0
costner	11.0	17.0
charisma	11.0	17.0
revers	11.0	17.0
reviv	11.0	17.0
dizzi	11.0	18.0
pg	11.0	18.0
sword	11.0	18.0
lay	11.0	18.0
nolt	11.0	18.0
linger	11.0	18.0
h	11.0	19.0
scenario	11.0	19.0
rat	11.0	19.0
alter	11.0	19.0
recreat	11.0	20.0
via	11.0	20.0
declar	11.0	20.0
subsequ	11.0	20.0
rough	11.0	20.0
neve	11.0	20.0
overwhelm	11.0	20.0
grown	11.0	20.0
eeri	11.0	21.0
rank	11.0	21.0
los	11.0	21.0
90s	11.0	21.0
prime	11.0	22.0
dazzl	11.0	22.0
retir	11.0	23.0
shape	11.0	23.0
gather	11.0	23.0
afterward	11.0	24.0
luke	11.0	24.0
north	11.0	25.0
airplan	11.0	25.0
bird	11.0	26.0
likeabl	11.0	26.0
peac	11.0	26.0
dedic	11.0	27.0
afraid	11.0	27.0
jordan	11.0	28.0
england	11.0	29.0
nazi	11.0	29.0
argument	11.0	30.0
perspect	11.0	31.0
primari	11.0	32.0
ted	11.0	35.0
friendship	11.0	37.0
method	11.0	38.0
drunken	11.0	39.0
rose	11.0	60.0
jericho	12.0	0.0
hyam	12.0	0.0
macdonald	12.0	0.0
liu	12.0	0.0
wyatt	12.0	0.0
alessa	12.0	0.0
slug	12.0	0.0
diedr	12.0	0.0
corki	12.0	0.0
sexist	12.0	1.0
insipid	12.0	1.0
tsui	12.0	1.0
one-not	12.0	1.0
arkin	12.0	2.0
mimic	12.0	2.0
8mm	12.0	2.0
kitti	12.0	2.0
mccabe	12.0	2.0
reborn	12.0	2.0
perfunctori	12.0	3.0
unwatch	12.0	3.0
fort	12.0	3.0
goon	12.0	3.0
madsen	12.0	3.0
incomprehens	12.0	3.0
warrant	12.0	3.0
mayor	12.0	3.0
valeri	12.0	3.0
kattan	12.0	3.0
ephron	12.0	3.0
flubber	12.0	3.0
ex	12.0	3.0
berkley	12.0	3.0
exec	12.0	4.0
vote	12.0	4.0
injuri	12.0	4.0
downhil	12.0	4.0
thumb	12.0	4.0
arc	12.0	4.0
cleavag	12.0	4.0
janssen	12.0	5.0
regist	12.0	5.0
nois	12.0	5.0
femm	12.0	5.0
cream	12.0	5.0
lopez	12.0	5.0
belt	12.0	5.0
wesley	12.0	5.0
shameless	12.0	6.0
maid	12.0	6.0
cheadl	12.0	6.0
montag	12.0	6.0
holli	12.0	6.0
twilight	12.0	6.0
warden	12.0	6.0
ranger	12.0	7.0
sylvest	12.0	7.0
puls	12.0	7.0
dear	12.0	7.0
juri	12.0	7.0
whip	12.0	7.0
corps	12.0	7.0
em	12.0	8.0
fri	12.0	8.0
evolv	12.0	8.0
idl	12.0	8.0
junk	12.0	8.0
dash	12.0	8.0
creek	12.0	8.0
brandi	12.0	8.0
up	12.0	8.0
gwyneth	12.0	8.0
claudia	12.0	8.0
plagu	12.0	9.0
byrn	12.0	9.0
poetri	12.0	9.0
precious	12.0	9.0
1997	12.0	9.0
rene	12.0	9.0
absent	12.0	9.0
curti	12.0	10.0
facial	12.0	10.0
august	12.0	10.0
electr	12.0	10.0
walker	12.0	10.0
cup	12.0	10.0
airport	12.0	10.0
swing	12.0	10.0
extent	12.0	10.0
devito	12.0	11.0
broke	12.0	11.0
payoff	12.0	11.0
comedian	12.0	11.0
overdon	12.0	11.0
crawl	12.0	11.0
piti	12.0	12.0
trail	12.0	12.0
richardson	12.0	12.0
squar	12.0	12.0
duo	12.0	12.0
outing	12.0	12.0
flood	12.0	12.0
slap	12.0	12.0
paltrow	12.0	12.0
lip	12.0	12.0
everett	12.0	13.0
selfish	12.0	13.0
appli	12.0	13.0
inher	12.0	13.0
nail	12.0	14.0
attach	12.0	14.0
suppli	12.0	14.0
gentl	12.0	14.0
indulg	12.0	14.0
bene	12.0	14.0
alec	12.0	15.0
reserv	12.0	15.0
collabor	12.0	15.0
pitch	12.0	15.0
blast	12.0	16.0
sinist	12.0	16.0
dose	12.0	16.0
crucial	12.0	16.0
promin	12.0	16.0
futurist	12.0	17.0
channel	12.0	17.0
ellen	12.0	17.0
translat	12.0	17.0
advantag	12.0	17.0
luci	12.0	17.0
resist	12.0	18.0
gut	12.0	18.0
distant	12.0	18.0
cousin	12.0	19.0
expos	12.0	19.0
co-work	12.0	19.0
uncomfort	12.0	19.0
sophist	12.0	19.0
compet	12.0	19.0
ricki	12.0	19.0
function	12.0	20.0
tini	12.0	20.0
anticip	12.0	20.0
dinosaur	12.0	20.0
lloyd	12.0	20.0
react	12.0	20.0
betray	12.0	20.0
climact	12.0	20.0
firm	12.0	21.0
southern	12.0	21.0
befriend	12.0	21.0
they'v	12.0	21.0
spring	12.0	21.0
enhanc	12.0	22.0
bastard	12.0	22.0
ventur	12.0	22.0
homosexu	12.0	23.0
stolen	12.0	24.0
nonetheless	12.0	25.0
feder	12.0	25.0
ian	12.0	25.0
gorgeous	12.0	25.0
glori	12.0	25.0
assur	12.0	26.0
emma	12.0	26.0
sir	12.0	26.0
echo	12.0	26.0
predecessor	12.0	26.0
accur	12.0	26.0
mous	12.0	27.0
greater	12.0	28.0
fals	12.0	28.0
lord	12.0	29.0
storytel	12.0	31.0
worker	12.0	31.0
river	12.0	31.0
bitter	12.0	32.0
princ	12.0	32.0
norton	12.0	35.0
contribut	12.0	37.0
phantom	12.0	37.0
cowboy	12.0	38.0
reflect	12.0	39.0
histor	12.0	43.0
tragedi	12.0	44.0
vincent	12.0	44.0
mile	12.0	49.0
destin	12.0	51.0
pulp	12.0	58.0
heyst	13.0	0.0
highland	13.0	0.0
rimbaud	13.0	0.0
elwood	13.0	0.0
reindeer	13.0	1.0
infinit	13.0	1.0
tomb	13.0	1.0
julian	13.0	1.0
howi	13.0	1.0
vike	13.0	1.0
buster	13.0	1.0
werewolf	13.0	2.0
dubious	13.0	2.0
osmosi	13.0	2.0
monoton	13.0	2.0
lizard	13.0	2.0
crichton	13.0	2.0
barb	13.0	2.0
meaningless	13.0	3.0
nielsen	13.0	3.0
mercenari	13.0	3.0
fart	13.0	3.0
moreau	13.0	3.0
drill	13.0	3.0
rubber	13.0	3.0
muddl	13.0	3.0
lightn	13.0	3.0
ventura	13.0	3.0
nicki	13.0	3.0
cube	13.0	3.0
lara	13.0	3.0
irresist	13.0	4.0
dunn	13.0	4.0
poet	13.0	4.0
peel	13.0	4.0
mug	13.0	4.0
appal	13.0	5.0
seattl	13.0	5.0
earthquak	13.0	5.0
lacklust	13.0	5.0
pamela	13.0	5.0
maniac	13.0	5.0
leon	13.0	5.0
famk	13.0	6.0
harbor	13.0	6.0
pepper	13.0	6.0
jacket	13.0	6.0
vanish	13.0	6.0
chuck	13.0	6.0
schneider	13.0	6.0
powel	13.0	6.0
live-act	13.0	6.0
jess	13.0	6.0
leari	13.0	6.0
sore	13.0	7.0
instrument	13.0	7.0
outfit	13.0	7.0
nerd	13.0	7.0
lili	13.0	7.0
clown	13.0	7.0
zone	13.0	7.0
scratch	13.0	7.0
useless	13.0	7.0
dian	13.0	7.0
dien	13.0	8.0
daddi	13.0	8.0
runner	13.0	8.0
trait	13.0	8.0
kathleen	13.0	8.0
coffe	13.0	8.0
pronounc	13.0	8.0
daryl	13.0	8.0
smell	13.0	8.0
tower	13.0	8.0
ton	13.0	8.0
pad	13.0	8.0
topic	13.0	9.0
holi	13.0	9.0
craze	13.0	9.0
adolesc	13.0	9.0
vow	13.0	9.0
plastic	13.0	9.0
wacki	13.0	9.0
nose	13.0	9.0
sail	13.0	9.0
antonio	13.0	9.0
and/or	13.0	9.0
emmerich	13.0	9.0
courtesi	13.0	10.0
bell	13.0	10.0
liam	13.0	10.0
dimens	13.0	10.0
dancer	13.0	10.0
diseas	13.0	11.0
clip	13.0	11.0
fund	13.0	11.0
bullock	13.0	11.0
seduct	13.0	12.0
imperson	13.0	12.0
highway	13.0	12.0
yard	13.0	12.0
territori	13.0	12.0
retriev	13.0	12.0
conclud	13.0	13.0
tyler	13.0	13.0
sharon	13.0	13.0
showdown	13.0	14.0
safeti	13.0	14.0
franchis	13.0	14.0
psychot	13.0	14.0
n	13.0	14.0
guid	13.0	15.0
flame	13.0	15.0
internet	13.0	15.0
rick	13.0	15.0
util	13.0	16.0
larger	13.0	16.0
bud	13.0	16.0
newcom	13.0	16.0
sid	13.0	16.0
client	13.0	16.0
downright	13.0	16.0
quinn	13.0	16.0
wahlberg	13.0	16.0
harrison	13.0	16.0
branagh	13.0	17.0
proud	13.0	17.0
mansion	13.0	17.0
easier	13.0	17.0
employe	13.0	18.0
mafia	13.0	18.0
reduc	13.0	18.0
glanc	13.0	19.0
imageri	13.0	19.0
ironi	13.0	19.0
glad	13.0	19.0
hoffman	13.0	20.0
profess	13.0	20.0
reput	13.0	20.0
profound	13.0	20.0
rapid	13.0	20.0
legendari	13.0	20.0
millionair	13.0	21.0
golden	13.0	21.0
sin	13.0	21.0
wing	13.0	22.0
trade	13.0	22.0
horrifi	13.0	23.0
session	13.0	23.0
tragic	13.0	23.0
lesson	13.0	23.0
defend	13.0	23.0
blind	13.0	23.0
mystic	13.0	24.0
horizon	13.0	24.0
creator	13.0	25.0
london	13.0	25.0
bleak	13.0	25.0
fulfil	13.0	25.0
loss	13.0	26.0
adopt	13.0	27.0
honor	13.0	27.0
overcom	13.0	27.0
midnight	13.0	28.0
franc	13.0	28.0
destruct	13.0	29.0
beatti	13.0	30.0
commentari	13.0	30.0
bowl	13.0	30.0
threat	13.0	32.0
princess	13.0	35.0
craft	13.0	36.0
movement	13.0	37.0
stiller	13.0	39.0
court	13.0	43.0
contrast	13.0	47.0
bridg	13.0	47.0
larri	13.0	59.0
titan	13.0	87.0
sphere	14.0	0.0
caulder	14.0	0.0
grinch	14.0	0.0
d'artagnan	14.0	0.0
illog	14.0	1.0
subway	14.0	1.0
boorman	14.0	1.0
speechless	14.0	1.0
sammi	14.0	1.0
devoid	14.0	2.0
hockey	14.0	2.0
varsiti	14.0	2.0
peni	14.0	3.0
wig	14.0	3.0
robinson	14.0	3.0
yawn	14.0	3.0
motorcycl	14.0	3.0
huh	14.0	3.0
gal	14.0	3.0
gordi	14.0	3.0
skit	14.0	4.0
bean	14.0	4.0
pray	14.0	4.0
wisecrack	14.0	4.0
caan	14.0	5.0
nude	14.0	6.0
preposter	14.0	6.0
grate	14.0	6.0
bros	14.0	6.0
del	14.0	6.0
meaning	14.0	6.0
we'll	14.0	6.0
conscienc	14.0	6.0
bigg	14.0	6.0
kinnear	14.0	6.0
fuck	14.0	7.0
moder	14.0	7.0
evolut	14.0	7.0
butt	14.0	7.0
clumsi	14.0	8.0
tea	14.0	8.0
dealt	14.0	8.0
walken	14.0	8.0
nostalgia	14.0	8.0
friday	14.0	8.0
beneath	14.0	8.0
stamp	14.0	8.0
ross	14.0	8.0
messeng	14.0	8.0
defi	14.0	9.0
macho	14.0	9.0
lou	14.0	9.0
josh	14.0	9.0
chew	14.0	9.0
reel	14.0	9.0
mohr	14.0	9.0
heck	14.0	9.0
indi	14.0	10.0
miracul	14.0	10.0
inconsist	14.0	10.0
lui	14.0	10.0
parol	14.0	10.0
bever	14.0	11.0
lower	14.0	11.0
sustain	14.0	11.0
mock	14.0	11.0
resourc	14.0	11.0
cromwel	14.0	11.0
sketch	14.0	11.0
shoulder	14.0	11.0
psychologist	14.0	11.0
harder	14.0	12.0
shake	14.0	12.0
packag	14.0	12.0
ain't	14.0	12.0
oz	14.0	12.0
martian	14.0	12.0
kudrow	14.0	12.0
judith	14.0	12.0
phoni	14.0	13.0
altogeth	14.0	13.0
birthday	14.0	13.0
confess	14.0	13.0
kinda	14.0	13.0
inspector	14.0	13.0
equip	14.0	13.0
fanci	14.0	14.0
etern	14.0	14.0
unsatisfi	14.0	14.0
duti	14.0	15.0
puzzl	14.0	15.0
flashi	14.0	15.0
neeson	14.0	15.0
dawson	14.0	15.0
thug	14.0	16.0
damag	14.0	16.0
mistaken	14.0	16.0
geoffrey	14.0	16.0
spare	14.0	16.0
real-lif	14.0	17.0
neat	14.0	17.0
suspici	14.0	17.0
subtleti	14.0	17.0
merit	14.0	17.0
coat	14.0	17.0
melvin	14.0	17.0
ancient	14.0	18.0
heat	14.0	18.0
lesbian	14.0	18.0
soft	14.0	18.0
cruel	14.0	18.0
birth	14.0	19.0
sneak	14.0	19.0
enterpris	14.0	19.0
caricatur	14.0	20.0
terrifi	14.0	20.0
roommat	14.0	21.0
sharp	14.0	22.0
transport	14.0	22.0
wes	14.0	23.0
link	14.0	24.0
construct	14.0	24.0
deeper	14.0	24.0
setup	14.0	24.0
hollow	14.0	24.0
ticket	14.0	24.0
bound	14.0	25.0
forgiv	14.0	25.0
unfold	14.0	25.0
dicaprio	14.0	26.0
precis	14.0	26.0
justic	14.0	26.0
african	14.0	26.0
disco	14.0	26.0
andi	14.0	27.0
slip	14.0	29.0
concentr	14.0	29.0
incid	14.0	30.0
childhood	14.0	31.0
chill	14.0	31.0
bacon	14.0	31.0
reminisc	14.0	35.0
convey	14.0	36.0
elli	14.0	37.0
cole	14.0	37.0
deni	14.0	38.0
radio	14.0	39.0
symbol	14.0	45.0
observ	14.0	46.0
strength	14.0	49.0
superb	14.0	56.0
predat	15.0	0.0
geronimo	15.0	0.0
cisco	15.0	0.0
jawbreak	15.0	0.0
atroci	15.0	1.0
tango	15.0	1.0
zellweg	15.0	1.0
excruci	15.0	2.0
griffin	15.0	2.0
smithe	15.0	2.0
iii	15.0	3.0
lectur	15.0	3.0
uninvolv	15.0	3.0
theresa	15.0	3.0
unbear	15.0	4.0
saddl	15.0	4.0
bicker	15.0	4.0
stink	15.0	4.0
dreari	15.0	5.0
groan	15.0	5.0
attribut	15.0	5.0
azaria	15.0	5.0
big-budget	15.0	5.0
horni	15.0	5.0
throwaway	15.0	6.0
cring	15.0	6.0
margin	15.0	7.0
exorcist	15.0	7.0
foolish	15.0	7.0
so-cal	15.0	8.0
miami	15.0	8.0
payback	15.0	8.0
lanc	15.0	9.0
data	15.0	9.0
slightest	15.0	9.0
ha	15.0	9.0
alfr	15.0	9.0
africa	15.0	9.0
teeth	15.0	9.0
ned	15.0	9.0
repris	15.0	9.0
johnson	15.0	10.0
insert	15.0	10.0
hayek	15.0	10.0
swim	15.0	10.0
bumbl	15.0	11.0
pressur	15.0	11.0
token	15.0	11.0
jerk	15.0	11.0
thread	15.0	11.0
infam	15.0	12.0
proclaim	15.0	12.0
volcano	15.0	12.0
com	15.0	12.0
ransom	15.0	13.0
barbara	15.0	13.0
sidekick	15.0	13.0
crook	15.0	13.0
fourth	15.0	13.0
set-up	15.0	14.0
lion	15.0	14.0
toler	15.0	14.0
donald	15.0	14.0
arthur	15.0	14.0
context	15.0	15.0
stare	15.0	15.0
trademark	15.0	15.0
strive	15.0	16.0
spread	15.0	16.0
spell	15.0	16.0
pan	15.0	16.0
thurman	15.0	16.0
aspir	15.0	16.0
recruit	15.0	17.0
broadcast	15.0	17.0
brand	15.0	17.0
weight	15.0	17.0
chair	15.0	17.0
fianc	15.0	17.0
handsom	15.0	17.0
supernatur	15.0	18.0
fred	15.0	18.0
gori	15.0	18.0
silenc	15.0	18.0
dealer	15.0	18.0
glimps	15.0	18.0
basebal	15.0	18.0
arrest	15.0	19.0
analyz	15.0	19.0
advic	15.0	19.0
broad	15.0	19.0
communic	15.0	20.0
sympathi	15.0	20.0
disgust	15.0	20.0
higher	15.0	20.0
indian	15.0	21.0
cox	15.0	21.0
persona	15.0	21.0
portion	15.0	21.0
courtroom	15.0	22.0
kenneth	15.0	23.0
kubrick	15.0	23.0
holiday	15.0	23.0
pleasant	15.0	23.0
surreal	15.0	23.0
divorc	15.0	24.0
held	15.0	24.0
closer	15.0	24.0
status	15.0	27.0
donni	15.0	28.0
compos	15.0	31.0
knight	15.0	31.0
marvel	15.0	32.0
unusu	15.0	32.0
influenc	15.0	32.0
confid	15.0	33.0
ford	15.0	33.0
sky	15.0	34.0
al	15.0	34.0
eight	15.0	36.0
rage	15.0	37.0
ed	15.0	38.0
identifi	15.0	39.0
risk	15.0	40.0
boogi	15.0	44.0
fantast	15.0	47.0
washington	15.0	55.0
bilko	16.0	0.0
wayan	16.0	0.0
modin	16.0	0.0
kombat	16.0	1.0
lauren	16.0	1.0
justin	16.0	2.0
crawford	16.0	2.0
suvari	16.0	2.0
momma	16.0	3.0
cardboard	16.0	4.0
leder	16.0	5.0
piss	16.0	5.0
shandl	16.0	5.0
banal	16.0	6.0
shannon	16.0	6.0
cigarett	16.0	6.0
theron	16.0	7.0
make-up	16.0	7.0
recur	16.0	7.0
stale	16.0	8.0
code	16.0	8.0
neck	16.0	8.0
sgt	16.0	8.0
brood	16.0	8.0
flop	16.0	9.0
hideous	16.0	9.0
east	16.0	9.0
vinc	16.0	9.0
helm	16.0	9.0
psychic	16.0	9.0
guarante	16.0	10.0
toilet	16.0	10.0
dig	16.0	10.0
row	16.0	10.0
mindless	16.0	10.0
poke	16.0	10.0
bathroom	16.0	10.0
melodramat	16.0	11.0
entri	16.0	11.0
fell	16.0	11.0
savag	16.0	11.0
carl	16.0	12.0
ear	16.0	12.0
uncov	16.0	12.0
realm	16.0	12.0
happili	16.0	13.0
thief	16.0	13.0
mate	16.0	13.0
hopper	16.0	13.0
disbelief	16.0	14.0
pacino	16.0	14.0
hostag	16.0	14.0
deliveri	16.0	14.0
trace	16.0	14.0
lift	16.0	15.0
stronger	16.0	15.0
corni	16.0	15.0
bubbl	16.0	15.0
dora	16.0	15.0
justifi	16.0	15.0
pun	16.0	15.0
promot	16.0	16.0
restaur	16.0	16.0
vacat	16.0	16.0
educ	16.0	17.0
lock	16.0	17.0
circl	16.0	17.0
jeffrey	16.0	17.0
mainstream	16.0	17.0
spoil	16.0	18.0
princip	16.0	18.0
occas	16.0	18.0
blank	16.0	18.0
tree	16.0	18.0
boast	16.0	19.0
susan	16.0	19.0
explod	16.0	19.0
suitabl	16.0	20.0
engin	16.0	20.0
mirror	16.0	20.0
forest	16.0	20.0
hood	16.0	20.0
reward	16.0	21.0
arquett	16.0	21.0
treatment	16.0	22.0
tortur	16.0	22.0
host	16.0	22.0
financi	16.0	22.0
solv	16.0	23.0
favor	16.0	23.0
environ	16.0	23.0
flow	16.0	24.0
quirki	16.0	24.0
examin	16.0	25.0
goodman	16.0	25.0
besson	16.0	25.0
funniest	16.0	26.0
bag	16.0	27.0
awar	16.0	27.0
christian	16.0	29.0
mickey	16.0	29.0
oliv	16.0	30.0
mom	16.0	31.0
spoiler	16.0	31.0
cheer	16.0	32.0
emerg	16.0	33.0
alex	16.0	33.0
anna	16.0	39.0
safe	16.0	39.0
serial	16.0	39.0
comfort	16.0	41.0
passion	16.0	45.0
fulli	16.0	51.0
quiet	16.0	54.0
stephen	16.0	55.0
fox	16.0	56.0
segment	16.0	59.0
brenner	17.0	0.0
farley	17.0	0.0
silverman	17.0	0.0
plod	17.0	1.0
lambert	17.0	1.0
silverston	17.0	1.0
garbag	17.0	4.0
hammond	17.0	4.0
forgett	17.0	4.0
conrad	17.0	4.0
tiresom	17.0	5.0
they'd	17.0	5.0
compens	17.0	5.0
phillipp	17.0	5.0
hapless	17.0	6.0
fright	17.0	6.0
bachelor	17.0	6.0
bump	17.0	7.0
climb	17.0	7.0
blown	17.0	8.0
wow	17.0	8.0
cliff	17.0	8.0
homicid	17.0	9.0
would-b	17.0	10.0
denis	17.0	11.0
stahl	17.0	11.0
elimin	17.0	11.0
march	17.0	11.0
voight	17.0	11.0
sheriff	17.0	12.0
hack	17.0	12.0
needless	17.0	12.0
prostitut	17.0	12.0
passeng	17.0	13.0
coher	17.0	13.0
buscemi	17.0	13.0
k	17.0	13.0
finger	17.0	14.0
aforement	17.0	14.0
crush	17.0	14.0
invest	17.0	16.0
site	17.0	16.0
obligatori	17.0	16.0
nativ	17.0	16.0
paid	17.0	16.0
sun	17.0	16.0
combat	17.0	17.0
basi	17.0	17.0
curious	17.0	17.0
offend	17.0	18.0
dub	17.0	18.0
dick	17.0	18.0
hitchcock	17.0	18.0
graduat	17.0	19.0
malcolm	17.0	19.0
spin	17.0	20.0
pose	17.0	20.0
vagu	17.0	20.0
ron	17.0	20.0
co-star	17.0	21.0
penn	17.0	21.0
spi	17.0	21.0
shut	17.0	21.0
techniqu	17.0	22.0
fifth	17.0	22.0
benefit	17.0	22.0
research	17.0	23.0
villag	17.0	23.0
size	17.0	23.0
80s	17.0	23.0
matrix	17.0	24.0
vs	17.0	24.0
driven	17.0	24.0
pursu	17.0	24.0
fifteen	17.0	24.0
trial	17.0	25.0
festiv	17.0	25.0
f	17.0	25.0
finn	17.0	25.0
church	17.0	26.0
brad	17.0	26.0
writer/director	17.0	26.0
necessarili	17.0	27.0
p	17.0	27.0
davi	17.0	28.0
round	17.0	28.0
bet	17.0	29.0
lake	17.0	30.0
survivor	17.0	31.0
dinner	17.0	31.0
digit	17.0	31.0
winner	17.0	32.0
account	17.0	32.0
reluct	17.0	34.0
knowledg	17.0	38.0
south	17.0	39.0
austin	17.0	40.0
maintain	17.0	49.0
depict	17.0	62.0
mona	18.0	0.0
jill	18.0	0.0
mandingo	18.0	0.0
bye	18.0	0.0
miscast	18.0	2.0
watcher	18.0	2.0
darren	18.0	2.0
raider	18.0	3.0
dud	18.0	4.0
psychiatrist	18.0	4.0
ace	18.0	5.0
monica	18.0	5.0
updat	18.0	6.0
onscreen	18.0	6.0
he'd	18.0	7.0
worthwhil	18.0	7.0
clark	18.0	7.0
tall	18.0	8.0
awak	18.0	8.0
jeopardi	18.0	8.0
poison	18.0	8.0
garofalo	18.0	9.0
egg	18.0	9.0
clueless	18.0	10.0
inject	18.0	10.0
convolut	18.0	10.0
massiv	18.0	10.0
granger	18.0	10.0
hawk	18.0	11.0
page	18.0	11.0
cave	18.0	11.0
he'll	18.0	12.0
chick	18.0	12.0
unpleas	18.0	12.0
pool	18.0	12.0
pig	18.0	12.0
fix	18.0	13.0
boil	18.0	13.0
antic	18.0	13.0
sceneri	18.0	14.0
sake	18.0	14.0
choreograph	18.0	14.0
dri	18.0	15.0
showcas	18.0	15.0
border	18.0	15.0
anybodi	18.0	15.0
insist	18.0	16.0
hip	18.0	16.0
quaid	18.0	16.0
ashley	18.0	17.0
albeit	18.0	17.0
computer-gener	18.0	17.0
stanley	18.0	17.0
wreck	18.0	17.0
marshal	18.0	17.0
laura	18.0	18.0
lend	18.0	18.0
meyer	18.0	18.0
ingredi	18.0	18.0
freak	18.0	18.0
sandra	18.0	18.0
peak	18.0	18.0
stylish	18.0	18.0
gere	18.0	18.0
chain	18.0	18.0
reject	18.0	19.0
over	18.0	19.0
skin	18.0	19.0
bite	18.0	20.0
barrymor	18.0	20.0
announc	18.0	20.0
texa	18.0	20.0
directori	18.0	20.0
switch	18.0	21.0
devot	18.0	21.0
harrelson	18.0	21.0
holm	18.0	22.0
trio	18.0	23.0
unabl	18.0	23.0
neil	18.0	24.0
complain	18.0	24.0
accord	18.0	24.0
spiritu	18.0	24.0
lewi	18.0	24.0
campaign	18.0	25.0
magazin	18.0	26.0
pauli	18.0	26.0
bullet	18.0	26.0
cusack	18.0	26.0
ethan	18.0	27.0
duval	18.0	27.0
opera	18.0	28.0
float	18.0	28.0
ball	18.0	29.0
flesh	18.0	29.0
circumst	18.0	30.0
ring	18.0	32.0
built	18.0	32.0
recal	18.0	34.0
argu	18.0	35.0
beach	18.0	35.0
media	18.0	38.0
japanes	18.0	42.0
zero	18.0	43.0
sidney	18.0	45.0
essenti	18.0	49.0
process	18.0	50.0
masterpiec	18.0	51.0
marriag	18.0	55.0
toy	18.0	101.0
deedl	19.0	0.0
ho	19.0	0.0
bont	19.0	1.0
dune	19.0	2.0
rehash	19.0	2.0
ivi	19.0	2.0
lousi	19.0	3.0
sloppi	19.0	3.0
palma	19.0	4.0
aveng	19.0	4.0
13th	19.0	4.0
goldblum	19.0	5.0
rip-off	19.0	5.0
watchabl	19.0	5.0
martha	19.0	5.0
swear	19.0	5.0
hackman	19.0	5.0
degener	19.0	5.0
thompson	19.0	6.0
sub-plot	19.0	6.0
shane	19.0	7.0
warren	19.0	8.0
marin	19.0	8.0
plant	19.0	8.0
palmetto	19.0	8.0
they'll	19.0	9.0
showgirl	19.0	10.0
close-up	19.0	10.0
baker	19.0	11.0
warner	19.0	11.0
sutherland	19.0	12.0
metal	19.0	13.0
jan	19.0	13.0
pen	19.0	13.0
dialog	19.0	14.0
mtv	19.0	14.0
randi	19.0	14.0
dean	19.0	15.0
psycho	19.0	16.0
quot	19.0	17.0
forth	19.0	17.0
li	19.0	17.0
prais	19.0	17.0
enorm	19.0	18.0
dan	19.0	18.0
assault	19.0	18.0
awkward	19.0	19.0
keaton	19.0	19.0
factor	19.0	20.0
activ	19.0	20.0
distanc	19.0	20.0
kilmer	19.0	20.0
artifici	19.0	20.0
multipl	19.0	21.0
wealthi	19.0	21.0
mountain	19.0	21.0
glass	19.0	22.0
string	19.0	22.0
gonna	19.0	22.0
dump	19.0	22.0
instant	19.0	22.0
prefer	19.0	23.0
jurass	19.0	24.0
experienc	19.0	24.0
wound	19.0	26.0
thorough	19.0	26.0
religi	19.0	27.0
select	19.0	27.0
cheat	19.0	27.0
bobbi	19.0	27.0
las	19.0	27.0
corrupt	19.0	28.0
welcom	19.0	28.0
fallen	19.0	28.0
dare	19.0	29.0
sourc	19.0	29.0
condit	19.0	30.0
statement	19.0	30.0
correct	19.0	31.0
jake	19.0	31.0
revel	19.0	31.0
buck	19.0	32.0
martial	19.0	33.0
consequ	19.0	34.0
wake	19.0	35.0
settl	19.0	35.0
sheer	19.0	36.0
tend	19.0	37.0
therefor	19.0	39.0
rang	19.0	43.0
fate	19.0	43.0
avail	19.0	44.0
grand	19.0	44.0
mood	19.0	47.0
terrif	19.0	67.0
fascin	19.0	76.0
krippendorf	20.0	0.0
pokemon	20.0	0.0
hudson	20.0	1.0
heckerl	20.0	1.0
incompet	20.0	4.0
puppi	20.0	4.0
skull	20.0	4.0
doll	20.0	6.0
bottl	20.0	6.0
wannab	20.0	7.0
wrestl	20.0	7.0
bat	20.0	8.0
somebodi	20.0	8.0
basketbal	20.0	8.0
lethal	20.0	9.0
gadget	20.0	9.0
chose	20.0	10.0
moron	20.0	10.0
shower	20.0	10.0
melodrama	20.0	11.0
lawrenc	20.0	11.0
fighter	20.0	11.0
clerk	20.0	11.0
categori	20.0	14.0
over-the-top	20.0	14.0
diamond	20.0	14.0
pretenti	20.0	14.0
cgi	20.0	15.0
clone	20.0	15.0
hopeless	20.0	15.0
mighti	20.0	17.0
owen	20.0	17.0
offici	20.0	17.0
lisa	20.0	17.0
cabl	20.0	17.0
expert	20.0	18.0
drew	20.0	19.0
resid	20.0	19.0
bigger	20.0	19.0
isol	20.0	20.0
behavior	20.0	21.0
photographi	20.0	21.0
preview	20.0	22.0
sentenc	20.0	22.0
intellectu	20.0	22.0
met	20.0	22.0
borrow	20.0	22.0
foot	20.0	23.0
fool	20.0	24.0
clooney	20.0	25.0
instal	20.0	25.0
load	20.0	26.0
shop	20.0	29.0
drawn	20.0	30.0
hotel	20.0	31.0
insan	20.0	32.0
breath	20.0	33.0
anni	20.0	34.0
ray	20.0	39.0
compel	20.0	47.0
driver	20.0	50.0
vision	20.0	54.0
edg	20.0	56.0
spielberg	20.0	67.0
subtl	20.0	70.0
cultur	20.0	70.0
period	20.0	78.0
powder	21.0	4.0
overact	21.0	6.0
freddi	21.0	7.0
oldman	21.0	8.0
unintent	21.0	8.0
grade	21.0	8.0
hokey	21.0	9.0
profan	21.0	10.0
generic	21.0	10.0
keanu	21.0	10.0
trite	21.0	10.0
bulli	21.0	12.0
makeup	21.0	13.0
network	21.0	14.0
coincid	21.0	14.0
capit	21.0	14.0
glenn	21.0	14.0
weekend	21.0	16.0
advertis	21.0	16.0
murray	21.0	17.0
greg	21.0	17.0
chicago	21.0	18.0
obnoxi	21.0	18.0
truck	21.0	18.0
alic	21.0	19.0
armageddon	21.0	21.0
tape	21.0	21.0
disguis	21.0	21.0
degre	21.0	23.0
accus	21.0	24.0
card	21.0	25.0
doom	21.0	25.0
tight	21.0	25.0
guest	21.0	26.0
dread	21.0	29.0
dragon	21.0	31.0
hopkin	21.0	31.0
worthi	21.0	31.0
heroin	21.0	32.0
highlight	21.0	32.0
anthoni	21.0	33.0
lucki	21.0	33.0
psycholog	21.0	35.0
bus	21.0	37.0
tune	21.0	38.0
technolog	21.0	40.0
convict	21.0	40.0
aid	21.0	41.0
starship	21.0	43.0
path	21.0	45.0
intern	21.0	45.0
matt	21.0	50.0
stun	21.0	51.0
simon	21.0	64.0
cameron	21.0	95.0
eszterha	22.0	2.0
dalmatian	22.0	2.0
conneri	22.0	4.0
forgot	22.0	5.0
unconvinc	22.0	5.0
hewitt	22.0	6.0
heston	22.0	7.0
henstridg	22.0	7.0
rachel	22.0	8.0
chamber	22.0	8.0
deriv	22.0	8.0
pet	22.0	9.0
trend	22.0	10.0
buri	22.0	11.0
capsul	22.0	12.0
molli	22.0	12.0
bandera	22.0	12.0
bride	22.0	12.0
jami	22.0	13.0
toss	22.0	15.0
pregnant	22.0	16.0
ocean	22.0	16.0
romeo	22.0	16.0
blatant	22.0	17.0
morgan	22.0	18.0
laughter	22.0	18.0
astronaut	22.0	19.0
notion	22.0	20.0
helen	22.0	20.0
erot	22.0	20.0
spoof	22.0	21.0
negat	22.0	22.0
western	22.0	23.0
professor	22.0	25.0
spark	22.0	25.0
jail	22.0	26.0
cynic	22.0	26.0
accompani	22.0	26.0
wrap	22.0	26.0
foreign	22.0	27.0
teach	22.0	27.0
photograph	22.0	28.0
abus	22.0	28.0
invit	22.0	28.0
porn	22.0	29.0
veteran	22.0	30.0
communiti	22.0	31.0
frustrat	22.0	32.0
sink	22.0	32.0
russian	22.0	34.0
length	22.0	34.0
pie	22.0	34.0
hidden	22.0	35.0
walter	22.0	35.0
sea	22.0	35.0
repres	22.0	36.0
academi	22.0	40.0
complic	22.0	40.0
prepar	22.0	41.0
henri	22.0	49.0
brook	22.0	49.0
journey	22.0	51.0
realist	22.0	73.0
memor	22.0	87.0
zeta-jon	23.0	1.0
nonsens	23.0	5.0
inexplic	23.0	6.0
recycl	23.0	7.0
implaus	23.0	7.0
battlefield	23.0	8.0
emili	23.0	9.0
sinis	23.0	9.0
san	23.0	11.0
one-dimension	23.0	12.0
countless	23.0	12.0
leo	23.0	12.0
priest	23.0	13.0
roth	23.0	13.0
libbi	23.0	13.0
leap	23.0	14.0
mechan	23.0	15.0
gratuit	23.0	15.0
cooper	23.0	16.0
addict	23.0	17.0
reev	23.0	17.0
ill	23.0	17.0
thirti	23.0	19.0
joel	23.0	19.0
demon	23.0	19.0
burst	23.0	19.0
rape	23.0	22.0
dirti	23.0	22.0
critiqu	23.0	22.0
endur	23.0	23.0
strict	23.0	23.0
cat	23.0	23.0
credibl	23.0	23.0
stab	23.0	24.0
andrew	23.0	24.0
barri	23.0	26.0
gotten	23.0	28.0
consider	23.0	28.0
shakespear	23.0	28.0
pilot	23.0	29.0
tabl	23.0	30.0
servic	23.0	30.0
miller	23.0	30.0
leg	23.0	31.0
proper	23.0	31.0
quest	23.0	31.0
sympathet	23.0	32.0
ms	23.0	33.0
extra	23.0	33.0
cinematograph	23.0	35.0
eccentr	23.0	35.0
neighbor	23.0	36.0
theatric	23.0	36.0
defin	23.0	37.0
older	23.0	38.0
seek	23.0	40.0
contact	23.0	42.0
burton	23.0	45.0
hall	23.0	47.0
toni	23.0	49.0
epic	23.0	60.0
edward	23.0	69.0
gordon	24.0	5.0
hammer	24.0	5.0
yell	24.0	7.0
comet	24.0	9.0
repetit	24.0	10.0
drown	24.0	10.0
noir	24.0	12.0
natasha	24.0	13.0
wooden	24.0	15.0
mortal	24.0	15.0
sitcom	24.0	16.0
drunk	24.0	16.0
gloria	24.0	16.0
adequ	24.0	17.0
letter	24.0	18.0
superfici	24.0	18.0
paper	24.0	18.0
depend	24.0	18.0
weren't	24.0	20.0
jonathan	24.0	21.0
expens	24.0	21.0
meg	24.0	22.0
shadow	24.0	22.0
elabor	24.0	23.0
halloween	24.0	23.0
wave	24.0	24.0
distinct	24.0	24.0
sum	24.0	24.0
cost	24.0	25.0
comed	24.0	26.0
ahead	24.0	26.0
thousand	24.0	27.0
myer	24.0	27.0
endless	24.0	28.0
prevent	24.0	28.0
block	24.0	28.0
pack	24.0	31.0
gold	24.0	33.0
moor	24.0	33.0
gift	24.0	34.0
advanc	24.0	36.0
slave	24.0	36.0
reaction	24.0	37.0
program	24.0	37.0
separ	24.0	37.0
crow	24.0	39.0
employ	24.0	40.0
invent	24.0	40.0
notabl	24.0	42.0
object	24.0	43.0
will	24.0	50.0
alicia	25.0	2.0
kline	25.0	3.0
porter	25.0	4.0
pimp	25.0	4.0
squad	25.0	5.0
satan	25.0	11.0
wilson	25.0	15.0
measur	25.0	15.0
jet	25.0	15.0
exercis	25.0	18.0
chief	25.0	18.0
unknown	25.0	19.0
phil	25.0	19.0
core	25.0	20.0
domin	25.0	21.0
accident	25.0	23.0
crack	25.0	24.0
morn	25.0	24.0
remov	25.0	28.0
gangster	25.0	29.0
cloth	25.0	32.0
attend	25.0	32.0
unexpect	25.0	36.0
gain	25.0	39.0
lone	25.0	43.0
goal	25.0	43.0
born	25.0	43.0
listen	25.0	44.0
younger	25.0	44.0
recogn	25.0	47.0
discuss	25.0	49.0
admir	25.0	49.0
unit	25.0	50.0
shine	25.0	52.0
faith	25.0	54.0
nomin	25.0	55.0
decad	25.0	58.0
brown	25.0	58.0
becam	25.0	59.0
affect	25.0	68.0
normal	25.0	75.0
sat	26.0	4.0
tribe	26.0	4.0
b-movi	26.0	6.0
amanda	26.0	6.0
connor	26.0	8.0
anywher	26.0	9.0
luc	26.0	9.0
o'donnel	26.0	9.0
jean	26.0	10.0
skip	26.0	12.0
leagu	26.0	12.0
mild	26.0	13.0
whenev	26.0	17.0
conspiraci	26.0	17.0
halfway	26.0	17.0
popul	26.0	19.0
g	26.0	20.0
unnecessari	26.0	20.0
everybodi	26.0	21.0
slapstick	26.0	24.0
enemi	26.0	24.0
civil	26.0	25.0
ensu	26.0	26.0
cell	26.0	26.0
mel	26.0	26.0
revolv	26.0	26.0
brian	26.0	30.0
exchang	26.0	30.0
tie	26.0	31.0
depart	26.0	32.0
transform	26.0	33.0
fbi	26.0	33.0
flash	26.0	34.0
daniel	26.0	35.0
likabl	26.0	36.0
specif	26.0	37.0
gibson	26.0	37.0
structur	26.0	38.0
desert	26.0	38.0
creativ	26.0	40.0
interview	26.0	42.0
spectacular	26.0	42.0
gay	26.0	45.0
interact	26.0	48.0
board	26.0	48.0
seth	26.0	48.0
fortun	26.0	49.0
jackson	26.0	51.0
fit	26.0	61.0
delight	26.0	71.0
webb	27.0	1.0
schumach	27.0	1.0
cindi	27.0	3.0
ebert	27.0	6.0
snipe	27.0	6.0
nine	27.0	8.0
pile	27.0	9.0
saturday	27.0	10.0
trash	27.0	14.0
franci	27.0	17.0
assassin	27.0	19.0
eric	27.0	19.0
plus	27.0	19.0
hype	27.0	20.0
knock	27.0	20.0
broderick	27.0	21.0
forgotten	27.0	22.0
self	27.0	23.0
empti	27.0	24.0
fat	27.0	24.0
belong	27.0	27.0
hook	27.0	28.0
tear	27.0	29.0
clean	27.0	29.0
earn	27.0	30.0
tommi	27.0	30.0
protect	27.0	31.0
punch	27.0	32.0
abandon	27.0	33.0
cult	27.0	35.0
crowd	27.0	37.0
necessari	27.0	37.0
charl	27.0	37.0
pleasur	27.0	38.0
twenti	27.0	38.0
task	27.0	38.0
loos	27.0	39.0
affleck	27.0	39.0
demonstr	27.0	44.0
soul	27.0	44.0
signific	27.0	46.0
witti	27.0	52.0
surround	27.0	52.0
satisfi	27.0	58.0
la	27.0	63.0
remark	27.0	65.0
seven	27.0	71.0
greatest	27.0	74.0
excel	27.0	118.0
psychlo	28.0	0.0
turkey	28.0	5.0
uninspir	28.0	5.0
prinz	28.0	6.0
lifeless	28.0	7.0
gabriel	28.0	8.0
gene	28.0	8.0
random	28.0	9.0
kim	28.0	10.0
coach	28.0	14.0
judd	28.0	18.0
sandler	28.0	18.0
pretend	28.0	19.0
assign	28.0	20.0
synopsi	28.0	21.0
strip	28.0	21.0
rival	28.0	22.0
corner	28.0	22.0
freeman	28.0	22.0
nasti	28.0	23.0
substanc	28.0	24.0
stranger	28.0	24.0
associ	28.0	26.0
choos	28.0	27.0
scheme	28.0	27.0
broken	28.0	27.0
angri	28.0	28.0
area	28.0	29.0
seat	28.0	31.0
increas	28.0	31.0
organ	28.0	32.0
excess	28.0	32.0
crazi	28.0	33.0
genius	28.0	35.0
market	28.0	35.0
hurt	28.0	36.0
documentari	28.0	37.0
ident	28.0	37.0
heaven	28.0	39.0
confront	28.0	42.0
floor	28.0	43.0
assist	28.0	46.0
season	28.0	48.0
graphic	28.0	51.0
food	28.0	51.0
danni	28.0	52.0
paint	28.0	52.0
convent	28.0	54.0
accid	28.0	56.0
concept	28.0	59.0
desir	28.0	60.0
report	28.0	63.0
mike	28.0	67.0
presid	28.0	69.0
dude	28.0	69.0
iren	29.0	3.0
wire	29.0	4.0
whatsoev	29.0	4.0
joli	29.0	4.0
campi	29.0	10.0
alcohol	29.0	10.0
stalk	29.0	10.0
soap	29.0	15.0
heavili	29.0	15.0
extend	29.0	18.0
luck	29.0	19.0
maker	29.0	20.0
`the	29.0	20.0
routin	29.0	21.0
one-lin	29.0	22.0
dozen	29.0	24.0
copi	29.0	24.0
relief	29.0	25.0
feet	29.0	26.0
drink	29.0	26.0
johnni	29.0	27.0
fame	29.0	28.0
bloodi	29.0	29.0
chosen	29.0	29.0
began	29.0	29.0
scale	29.0	31.0
mob	29.0	31.0
surfac	29.0	33.0
robot	29.0	33.0
hundr	29.0	36.0
elizabeth	29.0	36.0
brutal	29.0	37.0
hospit	29.0	37.0
mistak	29.0	38.0
content	29.0	38.0
bank	29.0	38.0
silent	29.0	39.0
campbel	29.0	40.0
character	29.0	42.0
price	29.0	42.0
convers	29.0	44.0
footag	29.0	45.0
trooper	29.0	47.0
led	29.0	51.0
honest	29.0	56.0
industri	29.0	57.0
menac	29.0	59.0
lawyer	29.0	59.0
green	29.0	60.0
social	29.0	63.0
tradit	29.0	72.0
armi	29.0	72.0
robbin	30.0	3.0
ludicr	30.0	3.0
perri	30.0	3.0
babe	30.0	10.0
ala	30.0	11.0
cook	30.0	14.0
freez	30.0	15.0
hey	30.0	17.0
pari	30.0	21.0
wander	30.0	21.0
goofi	30.0	23.0
capabl	30.0	24.0
hunter	30.0	24.0
jane	30.0	24.0
verhoeven	30.0	24.0
reveng	30.0	28.0
shift	30.0	28.0
blockbust	30.0	29.0
improv	30.0	32.0
humour	30.0	32.0
sentiment	30.0	33.0
forev	30.0	35.0
terrorist	30.0	35.0
inevit	30.0	36.0
finish	30.0	37.0
chines	30.0	40.0
refus	30.0	40.0
opposit	30.0	41.0
bar	30.0	41.0
manipul	30.0	44.0
conflict	30.0	47.0
vega	30.0	47.0
russel	30.0	51.0
oper	30.0	56.0
chemistri	30.0	58.0
frighten	30.0	65.0
privat	30.0	74.0
inan	31.0	5.0
gorilla	31.0	5.0
presum	31.0	8.0
tedious	31.0	10.0
con	31.0	10.0
redeem	31.0	14.0
jackal	31.0	14.0
irrit	31.0	15.0
fatal	31.0	15.0
conveni	31.0	19.0
ugli	31.0	20.0
joan	31.0	23.0
hugh	31.0	24.0
terri	31.0	24.0
window	31.0	30.0
worri	31.0	31.0
christma	31.0	31.0
regular	31.0	32.0
militari	31.0	32.0
sarah	31.0	32.0
stretch	31.0	32.0
hair	31.0	41.0
field	31.0	43.0
challeng	31.0	44.0
frequent	31.0	44.0
anderson	31.0	44.0
singer	31.0	47.0
caught	31.0	51.0
draw	31.0	52.0
uniqu	31.0	57.0
attitud	31.0	58.0
rais	31.0	64.0
command	31.0	65.0
moral	31.0	73.0
artist	31.0	101.0
musket	32.0	2.0
betti	32.0	5.0
chuckl	32.0	8.0
screw	32.0	15.0
rip	32.0	17.0
sorri	32.0	18.0
shouldn't	32.0	19.0
yeah	32.0	19.0
smoke	32.0	19.0
absurd	32.0	20.0
jon	32.0	21.0
slasher	32.0	23.0
theori	32.0	24.0
outrag	32.0	25.0
angl	32.0	27.0
aim	32.0	28.0
wide	32.0	28.0
besid	32.0	28.0
thoma	32.0	29.0
ami	32.0	31.0
sick	32.0	33.0
hint	32.0	33.0
wise	32.0	33.0
shame	32.0	34.0
cri	32.0	34.0
dad	32.0	34.0
reli	32.0	34.0
readi	32.0	36.0
profession	32.0	36.0
nation	32.0	36.0
repeat	32.0	37.0
latter	32.0	38.0
eddi	32.0	38.0
parodi	32.0	41.0
jeff	32.0	42.0
threaten	32.0	43.0
mrs	32.0	43.0
accomplish	32.0	51.0
affair	32.0	52.0
connect	32.0	56.0
individu	32.0	56.0
visit	32.0	58.0
slowli	32.0	64.0
today	32.0	75.0
anaconda	33.0	3.0
inept	33.0	6.0
breast	33.0	12.0
mask	33.0	18.0
stallon	33.0	19.0
twin	33.0	20.0
ok	33.0	22.0
gross	33.0	22.0
bomb	33.0	24.0
rain	33.0	24.0
sexi	33.0	26.0
wayn	33.0	26.0
resembl	33.0	27.0
blade	33.0	28.0
fare	33.0	28.0
speed	33.0	28.0
altern	33.0	29.0
crystal	33.0	29.0
williamson	33.0	29.0
hors	33.0	30.0
bright	33.0	35.0
replac	33.0	36.0
averag	33.0	46.0
speech	33.0	47.0
opinion	33.0	48.0
match	33.0	49.0
intrigu	33.0	51.0
camp	33.0	52.0
system	33.0	53.0
famous	33.0	55.0
pure	33.0	55.0
ii	33.0	60.0
rob	33.0	60.0
iron	33.0	61.0
intens	33.0	81.0
eve	34.0	8.0
jungl	34.0	10.0
remot	34.0	14.0
urban	34.0	18.0
bone	34.0	19.0
footbal	34.0	19.0
storm	34.0	19.0
taylor	34.0	22.0
baldwin	34.0	22.0
cartoon	34.0	22.0
stock	34.0	27.0
bottom	34.0	28.0
tast	34.0	29.0
plain	34.0	29.0
clue	34.0	30.0
jr	34.0	34.0
nightmar	34.0	34.0
plane	34.0	35.0
insight	34.0	39.0
ignor	34.0	40.0
frame	34.0	44.0
fellow	34.0	45.0
gore	34.0	47.0
independ	34.0	48.0
teacher	34.0	50.0
celebr	34.0	53.0
technic	34.0	57.0
studi	34.0	57.0
judg	34.0	57.0
claim	34.0	58.0
memori	34.0	59.0
limit	34.0	60.0
initi	34.0	61.0
british	34.0	63.0
bond	34.0	65.0
soundtrack	34.0	68.0
compar	34.0	72.0
trek	34.0	84.0
sweet	34.0	104.0
fugit	35.0	16.0
snake	35.0	16.0
spice	35.0	20.0
nuditi	35.0	25.0
bed	35.0	25.0
news	35.0	30.0
wind	35.0	31.0
trust	35.0	31.0
fault	35.0	32.0
stunt	35.0	33.0
dougla	35.0	33.0
kept	35.0	33.0
ice	35.0	33.0
termin	35.0	33.0
ruin	35.0	34.0
creepi	35.0	35.0
explos	35.0	36.0
charg	35.0	36.0
hasn't	35.0	36.0
wall	35.0	40.0
patient	35.0	41.0
fresh	35.0	45.0
terror	35.0	45.0
debut	35.0	46.0
aliv	35.0	47.0
colleg	35.0	48.0
buy	35.0	59.0
cinematographi	35.0	62.0
appreci	35.0	65.0
term	35.0	65.0
succeed	35.0	66.0
carter	35.0	84.0
overal	35.0	88.0
beast	36.0	14.0
farrelli	36.0	17.0
kelli	36.0	21.0
shout	36.0	21.0
explan	36.0	21.0
secur	36.0	21.0
theatr	36.0	21.0
hong	36.0	30.0
commerci	36.0	32.0
bear	36.0	33.0
push	36.0	33.0
numer	36.0	35.0
kate	36.0	38.0
ann	36.0	39.0
record	36.0	43.0
station	36.0	43.0
ghost	36.0	45.0
weird	36.0	48.0
award	36.0	50.0
minor	36.0	58.0
atmospher	36.0	65.0
cold	36.0	79.0
solid	36.0	80.0
here	37.0	10.0
guilti	37.0	11.0
failur	37.0	16.0
woo	37.0	17.0
stumbl	37.0	26.0
press	37.0	26.0
meant	37.0	27.0
comment	37.0	30.0
demand	37.0	32.0
suicid	37.0	33.0
roger	37.0	36.0
establish	37.0	36.0
trick	37.0	37.0
travolta	37.0	37.0
evid	37.0	37.0
owner	37.0	38.0
patrick	37.0	39.0
spot	37.0	44.0
progress	37.0	49.0
public	37.0	49.0
climax	37.0	49.0
addit	37.0	52.0
receiv	37.0	54.0
commit	37.0	56.0
magic	37.0	71.0
stage	37.0	73.0
class	37.0	74.0
woodi	37.0	77.0
struggl	37.0	78.0
choic	37.0	95.0
color	37.0	109.0
patch	38.0	6.0
instinct	38.0	19.0
excus	38.0	22.0
nobodi	38.0	22.0
c	38.0	24.0
warrior	38.0	24.0
exploit	38.0	25.0
disappear	38.0	29.0
fake	38.0	30.0
blow	38.0	33.0
boyfriend	38.0	34.0
forward	38.0	34.0
instanc	38.0	38.0
comparison	38.0	42.0
central	38.0	45.0
determin	38.0	46.0
centuri	38.0	46.0
j	38.0	50.0
tension	38.0	51.0
root	38.0	52.0
male	38.0	52.0
display	38.0	59.0
fantasi	38.0	63.0
soldier	38.0	70.0
disturb	38.0	73.0
societi	38.0	78.0
truth	38.0	93.0
miser	39.0	20.0
mediocr	39.0	22.0
folk	39.0	30.0
boat	39.0	32.0
model	39.0	33.0
smile	39.0	34.0
assum	39.0	34.0
jay	39.0	36.0
practic	39.0	44.0
arm	39.0	46.0
guard	39.0	48.0
crimin	39.0	49.0
cross	39.0	51.0
impact	39.0	56.0
earlier	39.0	56.0
detect	39.0	57.0
six	39.0	57.0
spirit	39.0	61.0
hank	39.0	66.0
complex	39.0	87.0
america	39.0	95.0
polit	39.0	124.0
damm	40.0	6.0
nake	40.0	16.0
loser	40.0	17.0
contriv	40.0	21.0
shallow	40.0	22.0
stuck	40.0	23.0
nowher	40.0	24.0
doubl	40.0	26.0
twice	40.0	27.0
devil	40.0	28.0
gang	40.0	37.0
locat	40.0	40.0
energi	40.0	43.0
decis	40.0	44.0
hang	40.0	44.0
alan	40.0	45.0
onto	40.0	45.0
shown	40.0	52.0
distract	40.0	52.0
physic	40.0	52.0
skill	40.0	56.0
storylin	40.0	56.0
martin	40.0	62.0
enter	40.0	63.0
innoc	40.0	64.0
obsess	40.0	65.0
cannot	40.0	66.0
key	40.0	67.0
modern	40.0	71.0
bother	41.0	17.0
you'd	41.0	23.0
denni	41.0	26.0
monkey	41.0	27.0
weapon	41.0	31.0
we'v	41.0	33.0
depress	41.0	35.0
encount	41.0	47.0
motiv	41.0	49.0
sing	41.0	55.0
l	41.0	59.0
rush	41.0	65.0
avoid	41.0	67.0
reach	41.0	73.0
explor	41.0	80.0
unbeliev	42.0	16.0
catherin	42.0	16.0
gari	42.0	19.0
check	42.0	26.0
band	42.0	27.0
sleep	42.0	28.0
kong	42.0	29.0
hot	42.0	31.0
logic	42.0	33.0
target	42.0	36.0
scientist	42.0	43.0
asid	42.0	43.0
tough	42.0	43.0
warn	42.0	45.0
crash	42.0	49.0
murphi	42.0	49.0
current	42.0	50.0
inde	42.0	50.0
liter	42.0	54.0
conclus	42.0	56.0
r	42.0	59.0
sean	42.0	59.0
manner	42.0	60.0
govern	42.0	61.0
heard	42.0	69.0
common	42.0	70.0
equal	42.0	75.0
felt	42.0	77.0
mine	43.0	14.0
offens	43.0	15.0
unless	43.0	20.0
hide	43.0	30.0
drag	43.0	35.0
sell	43.0	36.0
okay	43.0	36.0
heavi	43.0	39.0
etc	43.0	41.0
mouth	43.0	41.0
flashback	43.0	51.0
longer	43.0	52.0
leader	43.0	62.0
queen	43.0	64.0
brought	43.0	73.0
uninterest	44.0	6.0
schwarzenegg	44.0	7.0
carpent	44.0	10.0
vehicl	44.0	19.0
sole	44.0	22.0
fish	44.0	22.0
jason	44.0	29.0
captain	44.0	30.0
cage	44.0	32.0
matthew	44.0	35.0
possess	44.0	37.0
thin	44.0	42.0
devic	44.0	42.0
damn	44.0	42.0
mad	44.0	44.0
mental	44.0	44.0
thus	44.0	48.0
wrote	44.0	49.0
author	44.0	52.0
appropri	44.0	55.0
bug	44.0	56.0
languag	44.0	58.0
concern	44.0	63.0
occur	44.0	66.0
law	44.0	73.0
ride	44.0	74.0
search	44.0	76.0
histori	44.0	108.0
master	44.0	123.0
hilari	44.0	127.0
sport	45.0	17.0
cruis	45.0	18.0
suck	45.0	20.0
blond	45.0	20.0
stick	45.0	33.0
witch	45.0	35.0
buddi	45.0	38.0
low	45.0	41.0
virtual	45.0	44.0
sent	45.0	47.0
bizarr	45.0	48.0
violent	45.0	53.0
recommend	45.0	58.0
plenti	45.0	58.0
combin	45.0	61.0
fashion	45.0	67.0
english	45.0	70.0
captur	45.0	76.0
achiev	45.0	76.0
date	45.0	78.0
rich	45.0	87.0
theme	45.0	101.0
brilliant	45.0	111.0
lynch	46.0	24.0
blair	46.0	25.0
blame	46.0	25.0
thrown	46.0	31.0
roll	46.0	44.0
u	46.0	45.0
protagonist	46.0	47.0
brief	46.0	54.0
cinemat	46.0	57.0
respons	46.0	57.0
agre	46.0	58.0
various	46.0	59.0
depth	46.0	61.0
adapt	46.0	65.0
issu	46.0	68.0
outsid	46.0	71.0
cinema	46.0	76.0
sister	46.0	87.0
lie	46.0	88.0
deserv	46.0	103.0
jacki	46.0	152.0
cheesi	47.0	13.0
jimmi	47.0	18.0
cash	47.0	24.0
trap	47.0	31.0
speci	47.0	33.0
proceed	47.0	34.0
eat	47.0	39.0
knew	47.0	41.0
julia	47.0	41.0
kidnap	47.0	44.0
carrey	47.0	44.0
fast	47.0	45.0
center	47.0	47.0
test	47.0	48.0
road	47.0	48.0
episod	47.0	50.0
danc	47.0	55.0
satir	47.0	59.0
sam	47.0	60.0
remind	47.0	63.0
mix	47.0	66.0
thrill	47.0	67.0
chan	47.0	76.0
travel	47.0	84.0
due	47.0	93.0
flaw	47.0	121.0
portray	47.0	160.0
unfunni	48.0	12.0
tire	48.0	22.0
remak	48.0	22.0
b	48.0	23.0
accent	48.0	25.0
phone	48.0	38.0
hire	48.0	44.0
cameo	48.0	44.0
french	48.0	49.0
lover	48.0	50.0
ground	48.0	52.0
free	48.0	52.0
cute	48.0	54.0
danger	48.0	55.0
suggest	48.0	55.0
store	48.0	55.0
gave	48.0	57.0
pop	48.0	57.0
grace	48.0	59.0
inform	48.0	61.0
list	48.0	68.0
posit	48.0	71.0
rare	48.0	80.0
slight	48.0	81.0
easili	48.0	87.0
somewhat	48.0	93.0
ass	49.0	18.0
valu	49.0	36.0
brain	49.0	37.0
grant	49.0	43.0
biggest	49.0	52.0
month	49.0	52.0
background	49.0	61.0
step	49.0	61.0
treat	49.0	70.0
wed	49.0	74.0
countri	49.0	76.0
genuin	49.0	76.0
strike	49.0	79.0
adult	49.0	86.0
share	49.0	94.0
realiti	49.0	95.0
comput	49.0	95.0
disney	49.0	137.0
pathet	50.0	19.0
tarzan	50.0	19.0
jennif	50.0	26.0
boss	50.0	40.0
ladi	50.0	43.0
collect	50.0	45.0
consist	50.0	52.0
beat	50.0	53.0
univers	50.0	58.0
suspect	50.0	60.0
motion	50.0	70.0
shock	50.0	73.0
aspect	50.0	106.0
idiot	51.0	13.0
crap	51.0	18.0
spawn	51.0	19.0
kick	51.0	28.0
legend	51.0	28.0
hole	51.0	30.0
sci-fi	51.0	44.0
weak	51.0	44.0
amount	51.0	56.0
took	51.0	57.0
express	51.0	63.0
mari	51.0	67.0
hunt	51.0	78.0
smart	51.0	83.0
fiction	51.0	143.0
rent	52.0	21.0
superior	52.0	24.0
adam	52.0	30.0
dollar	52.0	45.0
e	52.0	46.0
jerri	52.0	48.0
costum	52.0	48.0
player	52.0	49.0
front	52.0	50.0
machin	52.0	60.0
sight	52.0	60.0
steal	52.0	63.0
admit	52.0	67.0
adventur	52.0	76.0
inspir	52.0	78.0
ben	52.0	102.0
tale	52.0	116.0
charli	53.0	14.0
bland	53.0	15.0
christoph	53.0	23.0
whatev	53.0	44.0
opportun	53.0	50.0
door	53.0	55.0
otherwis	53.0	58.0
typic	53.0	70.0
student	53.0	77.0
definit	53.0	120.0
loud	54.0	25.0
juli	54.0	33.0
jump	54.0	43.0
kiss	54.0	56.0
week	54.0	61.0
handl	54.0	64.0
oscar	54.0	115.0
insult	55.0	9.0
intend	55.0	38.0
hill	55.0	45.0
billi	55.0	45.0
meanwhil	55.0	46.0
i'd	55.0	52.0
send	55.0	57.0
race	55.0	60.0
beyond	55.0	61.0
tone	55.0	65.0
land	55.0	66.0
favorit	55.0	68.0
allen	55.0	69.0
blood	55.0	75.0
insid	55.0	76.0
arriv	55.0	80.0
destroy	55.0	81.0
romanc	55.0	83.0
easi	55.0	91.0
narrat	55.0	106.0
imag	55.0	131.0
pointless	56.0	11.0
dress	56.0	38.0
partner	56.0	40.0
suit	56.0	47.0
spent	56.0	48.0
scare	56.0	49.0
forget	56.0	52.0
answer	56.0	74.0
slow	56.0	78.0
accept	56.0	82.0
virus	57.0	18.0
somewher	57.0	37.0
pleas	57.0	40.0
creatur	57.0	41.0
standard	57.0	45.0
pair	57.0	45.0
wood	57.0	47.0
doctor	57.0	48.0
willi	57.0	49.0
surviv	57.0	60.0
track	57.0	66.0
constant	57.0	88.0
ryan	57.0	95.0
told	57.0	98.0
song	57.0	106.0
four	57.0	112.0
babi	58.0	41.0
trip	58.0	42.0
bare	58.0	43.0
formula	58.0	44.0
intent	58.0	46.0
engag	58.0	73.0
crime	58.0	89.0
angel	58.0	97.0
fear	58.0	100.0
eventu	58.0	103.0
thank	58.0	114.0
similar	58.0	114.0
happi	58.0	116.0
laughabl	59.0	15.0
flat	59.0	37.0
blue	59.0	54.0
requir	59.0	56.0
haven't	59.0	58.0
train	59.0	65.0
describ	59.0	65.0
notic	59.0	66.0
third	59.0	69.0
you'v	59.0	71.0
odd	59.0	71.0
generat	59.0	77.0
doubt	59.0	85.0
grow	59.0	89.0
reveal	59.0	91.0
whether	59.0	104.0
scienc	59.0	112.0
sometim	59.0	159.0
horribl	60.0	24.0
count	60.0	43.0
tim	60.0	52.0
utter	60.0	54.0
join	60.0	57.0
steven	60.0	57.0
occasion	60.0	67.0
immedi	60.0	83.0
amaz	60.0	118.0
detail	60.0	132.0
strong	60.0	146.0
budget	61.0	40.0
island	61.0	50.0
rescu	61.0	54.0
introduc	61.0	66.0
victim	61.0	68.0
refer	61.0	69.0
rule	61.0	74.0
suffer	61.0	76.0
caus	61.0	84.0
approach	61.0	86.0
dramat	61.0	100.0
georg	61.0	100.0
cheap	62.0	32.0
drop	62.0	40.0
execut	62.0	49.0
rise	62.0	57.0
bruce	62.0	57.0
i'll	62.0	59.0
latest	62.0	60.0
parti	62.0	72.0
familiar	62.0	73.0
difficult	62.0	77.0
clever	62.0	78.0
local	62.0	91.0
pace	62.0	94.0
remain	62.0	121.0
age	62.0	122.0
ten	63.0	41.0
max	63.0	46.0
club	63.0	49.0
imposs	63.0	52.0
presenc	63.0	68.0
bob	63.0	76.0
exist	63.0	82.0
million	63.0	85.0
parent	63.0	111.0
other	63.0	142.0
embarrass	64.0	20.0
huge	64.0	52.0
came	64.0	57.0
investig	64.0	64.0
jim	64.0	67.0
box	64.0	68.0
ad	64.0	69.0
simpl	64.0	134.0
touch	64.0	139.0
arnold	65.0	15.0
disast	65.0	43.0
air	65.0	44.0
fli	65.0	60.0
desper	65.0	67.0
cover	65.0	67.0
appeal	65.0	70.0
edit	65.0	77.0
within	65.0	79.0
relat	65.0	83.0
televis	65.0	88.0
contain	65.0	89.0
stereotyp	66.0	28.0
burn	66.0	28.0
haunt	66.0	53.0
went	66.0	62.0
ago	66.0	73.0
attract	66.0	76.0
compani	66.0	84.0
attack	66.0	96.0
chris	66.0	96.0
respect	66.0	100.0
build	66.0	101.0
unlik	66.0	102.0
score	66.0	110.0
seagal	67.0	2.0
wear	67.0	49.0
stone	67.0	49.0
vampir	67.0	54.0
trailer	67.0	59.0
former	67.0	76.0
subject	67.0	96.0
among	67.0	98.0
lame	68.0	9.0
femal	68.0	44.0
purpos	68.0	62.0
control	68.0	71.0
incred	68.0	96.0
understand	68.0	122.0
husband	68.0	126.0
sign	69.0	43.0
catch	69.0	44.0
silli	69.0	49.0
fire	69.0	68.0
red	69.0	70.0
actress	69.0	77.0
effort	69.0	81.0
wit	69.0	83.0
mere	69.0	91.0
futur	69.0	119.0
park	70.0	59.0
sudden	70.0	65.0
abil	70.0	67.0
gone	70.0	68.0
richard	70.0	70.0
street	70.0	77.0
design	70.0	89.0
won't	70.0	94.0
tom	70.0	98.0
attent	70.0	100.0
win	70.0	101.0
rememb	70.0	108.0
focus	70.0	114.0
gag	71.0	38.0
scott	71.0	44.0
monster	71.0	55.0
de	71.0	77.0
messag	71.0	87.0
agent	72.0	77.0
serv	72.0	84.0
bill	72.0	85.0
excit	72.0	90.0
frank	72.0	96.0
marri	72.0	100.0
lose	72.0	101.0
steve	73.0	46.0
cool	73.0	61.0
middl	73.0	66.0
busi	73.0	89.0
secret	73.0	109.0
truli	73.0	114.0
child	73.0	115.0
previous	73.0	116.0
view	73.0	170.0
dumb	74.0	40.0
promis	74.0	49.0
straight	74.0	54.0
rock	74.0	62.0
wish	74.0	67.0
across	74.0	80.0
somehow	74.0	82.0
ultim	74.0	93.0
taken	74.0	97.0
toward	74.0	130.0
dream	74.0	144.0
couldn't	75.0	49.0
pick	75.0	73.0
popular	75.0	75.0
polic	75.0	84.0
van	75.0	87.0
battl	75.0	116.0
genr	75.0	124.0
subplot	76.0	38.0
nick	76.0	45.0
decent	76.0	48.0
apart	76.0	95.0
allow	76.0	123.0
prove	76.0	127.0
event	76.0	133.0
throughout	76.0	140.0
bunch	77.0	33.0
crew	77.0	65.0
studio	77.0	66.0
absolut	77.0	79.0
larg	77.0	97.0
novel	77.0	119.0
extrem	77.0	153.0
neither	78.0	43.0
amus	78.0	56.0
we'r	78.0	84.0
chanc	78.0	90.0
strang	78.0	92.0
mark	78.0	100.0
state	78.0	116.0
gun	79.0	75.0
hear	79.0	79.0
drug	79.0	87.0
charm	79.0	91.0
hold	79.0	106.0
form	79.0	125.0
drive	80.0	75.0
total	80.0	77.0
troubl	80.0	91.0
escap	80.0	93.0
god	80.0	106.0
prison	80.0	114.0
light	80.0	118.0
critic	80.0	165.0
teen	81.0	43.0
scari	81.0	46.0
wouldn't	81.0	59.0
jone	81.0	59.0
stuff	81.0	69.0
teenag	81.0	70.0
true	81.0	190.0
war	81.0	290.0
hell	82.0	64.0
singl	82.0	80.0
fine	82.0	117.0
art	82.0	128.0
import	82.0	146.0
throw	83.0	55.0
hate	83.0	66.0
pay	83.0	75.0
alon	83.0	84.0
pain	83.0	87.0
water	84.0	71.0
yes	84.0	76.0
deep	84.0	100.0
known	84.0	110.0
room	84.0	119.0
situat	84.0	133.0
voic	84.0	147.0
dull	85.0	17.0
confus	85.0	80.0
girlfriend	85.0	83.0
continu	85.0	103.0
theater	85.0	112.0
fill	85.0	113.0
clear	85.0	150.0
natur	85.0	172.0
ape	86.0	33.0
giant	86.0	47.0
oh	86.0	60.0
pass	86.0	65.0
type	86.0	79.0
mention	86.0	90.0
stay	86.0	92.0
romant	86.0	95.0
speak	86.0	97.0
discov	86.0	118.0
west	87.0	24.0
you'll	87.0	69.0
most	87.0	94.0
sexual	87.0	103.0
mr	87.0	126.0
heart	87.0	133.0
shoot	88.0	70.0
late	88.0	84.0
dr	88.0	88.0
imagin	88.0	118.0
abl	88.0	152.0
screenwrit	89.0	70.0
offer	89.0	127.0
intellig	89.0	137.0
children	89.0	141.0
aw	90.0	22.0
premis	90.0	73.0
five	90.0	76.0
qualiti	90.0	77.0
saw	90.0	81.0
fair	90.0	88.0
number	90.0	106.0
white	90.0	112.0
jack	90.0	116.0
upon	90.0	117.0
order	90.0	145.0
despit	90.0	151.0
anyway	91.0	43.0
mission	91.0	64.0
add	91.0	95.0
experi	91.0	155.0
sad	92.0	77.0
dog	92.0	94.0
peter	92.0	106.0
full	92.0	120.0
note	92.0	140.0
dark	92.0	157.0
smith	93.0	91.0
cop	93.0	92.0
lee	93.0	94.0
member	93.0	98.0
flick	93.0	101.0
general	93.0	111.0
major	93.0	127.0
often	93.0	167.0
mess	94.0	26.0
york	94.0	109.0
suspens	95.0	89.0
aren't	95.0	90.0
stand	95.0	114.0
deliv	95.0	117.0
break	95.0	120.0
carri	95.0	125.0
drama	95.0	130.0
terribl	96.0	29.0
mar	96.0	37.0
annoy	96.0	56.0
sit	96.0	79.0
sequel	96.0	98.0
side	96.0	150.0
mother	96.0	198.0
robin	97.0	43.0
twist	97.0	99.0
top	97.0	100.0
beauti	97.0	233.0
visual	98.0	162.0
chase	99.0	82.0
disappoint	99.0	83.0
level	99.0	107.0
king	99.0	117.0
classic	99.0	150.0
behind	99.0	164.0
godzilla	100.0	8.0
who	100.0	96.0
consid	100.0	133.0
potenti	101.0	55.0
what	101.0	64.0
paul	101.0	78.0
cut	101.0	101.0
walk	102.0	97.0
women	102.0	105.0
earli	103.0	100.0
screenplay	103.0	105.0
spend	103.0	108.0
violenc	103.0	129.0
short	103.0	131.0
son	103.0	153.0
small	103.0	183.0
especi	103.0	199.0
read	104.0	108.0
i'v	104.0	146.0
ridicul	105.0	30.0
convinc	105.0	117.0
worth	105.0	123.0
robert	105.0	149.0
learn	105.0	179.0
alreadi	106.0	92.0
pull	106.0	101.0
mysteri	106.0	130.0
realiz	106.0	152.0
none	107.0	49.0
project	107.0	73.0
offic	107.0	121.0
wait	108.0	78.0
space	108.0	94.0
rate	108.0	149.0
viewer	108.0	158.0
support	108.0	171.0
perfect	108.0	262.0
ship	109.0	121.0
killer	109.0	136.0
past	109.0	147.0
scream	109.0	160.0
town	109.0	167.0
david	109.0	178.0
career	110.0	87.0
explain	110.0	95.0
written	110.0	134.0
piec	110.0	136.0
version	110.0	146.0
wors	111.0	54.0
predict	111.0	70.0
kevin	111.0	119.0
recent	111.0	129.0
provid	111.0	164.0
villain	112.0	69.0
plan	112.0	96.0
wasn't	113.0	78.0
sort	113.0	110.0
hero	113.0	117.0
style	113.0	123.0
titl	113.0	124.0
present	113.0	169.0
harri	114.0	55.0
soon	114.0	137.0
element	114.0	161.0
batman	115.0	23.0
guess	115.0	61.0
usual	115.0	167.0
particular	115.0	172.0
relationship	115.0	213.0
wild	116.0	82.0
planet	116.0	85.0
exampl	116.0	106.0
miss	116.0	111.0
close	117.0	141.0
later	117.0	159.0
william	117.0	161.0
materi	118.0	76.0
return	118.0	156.0
figur	119.0	106.0
exact	119.0	147.0
thriller	120.0	79.0
earth	120.0	98.0
daughter	120.0	109.0
deal	120.0	155.0
releas	120.0	194.0
camera	121.0	125.0
joe	121.0	136.0
nice	121.0	181.0
writer	122.0	82.0
summer	122.0	108.0
bodi	123.0	115.0
credit	123.0	129.0
fan	123.0	133.0
group	123.0	154.0
left	123.0	157.0
result	124.0	126.0
hit	124.0	145.0
produc	125.0	128.0
game	125.0	142.0
found	126.0	152.0
father	126.0	205.0
said	127.0	122.0
whose	127.0	168.0
american	127.0	276.0
chang	128.0	195.0
death	128.0	197.0
video	129.0	113.0
develop	129.0	151.0
second	129.0	171.0
power	129.0	245.0
clich	130.0	80.0
appar	130.0	90.0
you'r	130.0	95.0
car	130.0	128.0
sever	130.0	189.0
team	131.0	109.0
stop	131.0	113.0
half	131.0	134.0
matter	131.0	141.0
citi	131.0	196.0
evil	132.0	175.0
less	132.0	184.0
emot	133.0	230.0
school	134.0	158.0
boy	134.0	179.0
near	134.0	185.0
horror	135.0	205.0
anim	135.0	207.0
basic	136.0	117.0
quick	136.0	140.0
jame	136.0	163.0
base	136.0	167.0
comic	136.0	171.0
mayb	137.0	91.0
done	137.0	186.0
ask	138.0	170.0
case	138.0	186.0
michael	139.0	135.0
impress	139.0	149.0
job	139.0	271.0
murder	140.0	175.0
bring	140.0	219.0
write	141.0	98.0
next	141.0	158.0
perhap	141.0	210.0
except	142.0	129.0
sound	143.0	142.0
creat	143.0	255.0
wrong	146.0	122.0
hous	146.0	146.0
eye	146.0	155.0
men	146.0	235.0
differ	146.0	271.0
she	147.0	134.0
filmmak	149.0	130.0
dead	149.0	145.0
serious	150.0	117.0
word	150.0	148.0
face	150.0	166.0
book	150.0	174.0
either	151.0	127.0
simpli	151.0	147.0
product	151.0	158.0
review	151.0	163.0
mind	151.0	209.0
togeth	151.0	222.0
lost	152.0	140.0
forc	152.0	225.0
possibl	153.0	156.0
someon	154.0	127.0
anyon	154.0	136.0
everyon	154.0	183.0
poor	155.0	50.0
black	155.0	245.0
alway	155.0	264.0
die	156.0	157.0
question	156.0	188.0
everyth	156.0	216.0
lack	157.0	122.0
rest	159.0	128.0
els	159.0	129.0
meet	159.0	216.0
enjoy	159.0	258.0
they'r	160.0	123.0
coupl	160.0	160.0
fail	161.0	92.0
move	161.0	210.0
fun	161.0	214.0
famili	161.0	320.0
mean	163.0	191.0
humor	164.0	171.0
manag	164.0	181.0
along	164.0	197.0
leav	165.0	225.0
yet	165.0	257.0
wast	166.0	37.0
success	166.0	194.0
thought	167.0	143.0
hope	167.0	176.0
main	167.0	181.0
shot	167.0	203.0
hour	167.0	205.0
night	167.0	227.0
sens	168.0	251.0
music	169.0	274.0
whole	170.0	165.0
money	170.0	184.0
expect	171.0	213.0
stupid	172.0	37.0
joke	172.0	95.0
lead	172.0	239.0
tv	173.0	96.0
alien	173.0	300.0
worst	174.0	34.0
home	174.0	246.0
sex	175.0	164.0
brother	176.0	160.0
entir	176.0	198.0
probabl	176.0	200.0
wife	176.0	246.0
entertain	176.0	246.0
wonder	176.0	300.0
featur	177.0	212.0
certain	177.0	221.0
quit	178.0	305.0
care	179.0	165.0
seri	179.0	192.0
kid	179.0	196.0
follow	180.0	251.0
decid	181.0	162.0
bit	182.0	222.0
keep	182.0	238.0
put	185.0	227.0
got	187.0	131.0
instead	188.0	218.0
given	189.0	150.0
fight	189.0	169.0
high	189.0	265.0
let	190.0	179.0
must	190.0	242.0
unfortun	191.0	117.0
hand	191.0	181.0
hollywood	191.0	208.0
woman	191.0	208.0
talent	192.0	136.0
talk	192.0	154.0
fall	193.0	194.0
far	194.0	229.0
kind	195.0	222.0
believ	196.0	281.0
includ	197.0	227.0
three	197.0	246.0
pretti	198.0	185.0
young	198.0	326.0
head	199.0	180.0
surpris	199.0	284.0
rather	200.0	252.0
human	201.0	290.0
special	202.0	211.0
without	202.0	290.0
anyth	203.0	200.0
away	203.0	232.0
pictur	204.0	268.0
save	205.0	147.0
obvious	206.0	148.0
sure	207.0	205.0
person	208.0	320.0
dialogu	212.0	151.0
didn't	212.0	172.0
although	213.0	359.0
laugh	214.0	209.0
idea	216.0	169.0
help	216.0	284.0
open	217.0	270.0
girl	218.0	226.0
might	220.0	222.0
ever	220.0	278.0
bore	224.0	76.0
tell	225.0	300.0
hard	226.0	227.0
sequenc	226.0	246.0
involv	227.0	233.0
need	228.0	220.0
screen	228.0	266.0
right	228.0	366.0
goe	229.0	222.0
happen	230.0	241.0
place	231.0	304.0
i'm	236.0	182.0
john	236.0	333.0
sinc	237.0	290.0
reason	238.0	195.0
cours	239.0	223.0
old	241.0	284.0
can't	243.0	192.0
complet	243.0	239.0
attempt	247.0	163.0
suppos	249.0	105.0
appear	249.0	218.0
final	249.0	338.0
call	250.0	241.0
world	251.0	474.0
almost	252.0	328.0
start	253.0	265.0
seen	256.0	388.0
friend	257.0	341.0
may	258.0	365.0
moment	261.0	306.0
fact	263.0	318.0
line	264.0	230.0
long	267.0	289.0
direct	267.0	360.0
begin	269.0	348.0
feel	270.0	393.0
problem	272.0	227.0
run	277.0	264.0
live	280.0	407.0
least	281.0	194.0
lot	282.0	303.0
real	284.0	314.0
that	285.0	244.0
comedi	285.0	307.0
though	285.0	366.0
great	285.0	543.0
howev	288.0	406.0
kill	291.0	212.0
cast	291.0	349.0
set	291.0	385.0
last	293.0	315.0
minut	294.0	200.0
funni	296.0	277.0
name	296.0	279.0
day	296.0	368.0
origin	308.0	337.0
enough	314.0	318.0
part	315.0	371.0
still	317.0	432.0
point	320.0	304.0
around	328.0	315.0
actual	328.0	339.0
turn	328.0	384.0
everi	329.0	312.0
back	330.0	431.0
mani	332.0	573.0
isn't	334.0	273.0
us	334.0	409.0
role	338.0	447.0
life	338.0	718.0
script	339.0	237.0
noth	342.0	212.0
guy	342.0	265.0
effect	346.0	419.0
becom	346.0	455.0
best	347.0	562.0
better	358.0	288.0
made	358.0	363.0
someth	367.0	405.0
find	368.0	503.0
interest	369.0	365.0
use	370.0	463.0
audienc	372.0	382.0
love	378.0	583.0
big	382.0	330.0
anoth	383.0	389.0
new	385.0	542.0
act	387.0	362.0
man	388.0	515.0
he	390.0	395.0
perform	390.0	655.0
there	400.0	275.0
star	407.0	472.0
give	411.0	451.0
watch	417.0	439.0
say	423.0	426.0
show	426.0	504.0
peopl	426.0	563.0
think	428.0	371.0
want	432.0	432.0
never	433.0	513.0
actor	439.0	413.0
doesn't	439.0	437.0
director	443.0	409.0
don't	444.0	409.0
action	449.0	346.0
year	476.0	646.0
well	486.0	696.0
littl	496.0	570.0
tri	506.0	429.0
also	513.0	899.0
realli	517.0	564.0
work	523.0	649.0
first	523.0	723.0
could	524.0	453.0
know	533.0	551.0
come	552.0	649.0
thing	553.0	556.0
take	555.0	713.0
way	597.0	756.0
two	600.0	678.0
end	606.0	690.0
see	620.0	880.0
plot	648.0	439.0
much	669.0	752.0
would	674.0	713.0
go	675.0	685.0
seem	679.0	715.0
look	694.0	562.0
stori	704.0	974.0
bad	739.0	260.0
good	747.0	861.0
play	757.0	874.0
scene	870.0	965.0
time	931.0	1073.0
even	949.0	863.0
make	1006.0	1184.0
get	1109.0	1075.0
charact	1230.0	1482.0
it	1232.0	1355.0
like	1377.0	1400.0
one	1832.0	2154.0
movi	2564.0	2173.0
film	3312.0	4563.0
